Mes,Nino1_2,Nino3,Nino3_4
1950-01,-1.55,-2.1,-1.99
1950-02,-1.78,-1.52,-1.69
1950-03,-1.38,-0.84,-1.42
1950-04,-1.9,-1.14,-1.54
1950-05,-1.74,-1.57,-1.75
1950-06,-1.79,-1.11,-1.27
1950-07,-1.65,-0.9,-1.01
1950-08,-0.88,-0.65,-0.97
1950-09,-1.17,-0.89,-0.98
1950-10,-1.02,-0.81,-1.03
1950-11,-1.8,-1.24,-1.23
1950-12,-1.09,-1.08,-1.31
1951-01,-0.46,-0.87,-1.3
1951-02,-0.91,-0.76,-1.04
1951-03,-0.75,-0.33,-0.38
1951-04,-0.25,-0.21,-0.23
1951-05,0.17,-0.18,-0.01
1951-06,1.49,0.04,0.0
1951-07,1.86,0.62,0.3
1951-08,1.17,0.41,0.17
1951-09,0.56,0.46,0.51
1951-10,0.72,0.6,0.49
1951-11,0.68,0.8,0.55
1951-12,0.02,0.61,0.31
1952-01,-0.21,0.14,0.13
1952-02,-0.08,-0.04,-0.01
1952-03,-0.41,-0.15,-0.11
1952-04,-1.1,-0.31,-0.02
1952-05,-0.93,-0.61,-0.14
1952-06,-1.2,-0.92,-0.54
1952-07,-1.23,-0.99,-0.76
1952-08,-1.11,-0.68,-0.56
1952-09,-1.36,-0.64,-0.36
1952-10,-0.65,-0.62,-0.46
1952-11,-0.82,-1.03,-0.78
1952-12,-0.5,-0.56,-0.39
1953-01,-0.44,0.06,0.2
1953-02,0.17,0.22,0.24
1953-03,0.74,0.31,0.29
1953-04,1.47,0.13,0.22
1953-05,1.01,0.12,0.35
1953-06,0.31,0.26,0.39
1953-07,-0.0,-0.07,0.14
1953-08,0.17,-0.06,0.09
1953-09,0.33,0.28,0.29
1953-10,-0.18,0.12,0.16
1953-11,-0.14,0.04,0.18
1953-12,-0.59,0.2,0.41
1954-01,-1.91,-0.16,0.43
1954-02,-1.22,-0.13,0.28
1954-03,-1.32,-0.65,-0.38
1954-04,-3.09,-1.97,-1.17
1954-05,-2.99,-1.64,-0.81
1954-06,-2.46,-1.58,-0.93
1954-07,-2.83,-1.46,-1.18
1954-08,-1.69,-1.56,-1.43
1954-09,-1.71,-1.73,-1.6
1954-10,-2.04,-1.66,-1.48
1954-11,-1.45,-1.46,-1.13
1954-12,-1.47,-1.55,-1.33
1955-01,-0.84,-0.86,-0.93
1955-02,-1.13,-0.71,-0.95
1955-03,-1.37,-0.9,-1.06
1955-04,-1.24,-1.31,-1.22
1955-05,-2.16,-1.82,-1.28
1955-06,-1.92,-1.69,-1.18
1955-07,-1.44,-1.41,-1.15
1955-08,-1.55,-1.45,-1.35
1955-09,-1.47,-1.68,-1.43
1955-10,-1.82,-2.4,-2.31
1955-11,-1.83,-2.39,-2.45
1955-12,-1.69,-2.09,-2.03
1956-01,-1.31,-1.06,-1.2
1956-02,-1.2,-0.7,-0.99
1956-03,-0.75,-0.54,-0.83
1956-04,-1.15,-0.66,-0.97
1956-05,-1.21,-0.76,-0.8
1956-06,-0.94,-0.85,-0.92
1956-07,-0.14,-1.03,-1.06
1956-08,-0.43,-1.06,-1.17
1956-09,-1.01,-1.03,-0.98
1956-10,-1.19,-1.07,-0.97
1956-11,-1.06,-1.33,-1.14
1956-12,-1.32,-1.21,-0.89
1957-01,-1.66,-0.72,-0.51
1957-02,0.07,-0.2,-0.22
1957-03,0.78,0.26,0.18
1957-04,1.13,0.28,0.41
1957-05,2.4,0.53,0.62
1957-06,2.01,0.69,0.63
1957-07,1.86,1.08,0.87
1957-08,1.2,0.88,0.84
1957-09,0.91,0.65,0.72
1957-10,0.63,0.61,0.7
1957-11,0.56,0.91,0.92
1957-12,0.66,1.25,1.3
1958-01,0.14,1.3,1.78
1958-02,0.26,1.03,1.49
1958-03,0.48,0.52,0.98
1958-04,0.71,0.23,0.46
1958-05,0.12,0.04,0.38
1958-06,-0.02,-0.05,0.26
1958-07,0.06,-0.24,0.03
1958-08,-0.42,-0.21,-0.01
1958-09,-0.41,-0.51,-0.32
1958-10,-0.19,-0.5,-0.27
1958-11,-0.38,-0.21,0.05
1958-12,-0.5,-0.42,0.02
1959-01,-0.88,-0.08,0.53
1959-02,-0.47,-0.06,0.43
1959-03,0.34,-0.13,0.19
1959-04,0.12,-0.13,0.06
1959-05,-0.39,-0.41,-0.23
1959-06,-0.63,-0.55,-0.35
1959-07,-0.57,-0.86,-0.86
1959-08,-1.01,-0.87,-0.77
1959-09,-0.61,-0.73,-0.8
1959-10,-0.29,-0.44,-0.48
1959-11,0.1,-0.53,-0.66
1959-12,-0.23,-0.48,-0.42
1960-01,-0.33,-0.34,-0.28
1960-02,-0.42,-0.47,-0.46
1960-03,-0.25,-0.33,-0.3
1960-04,-1.11,-0.43,-0.33
1960-05,-1.09,-0.54,-0.25
1960-06,-1.41,-0.75,-0.49
1960-07,-1.32,-0.59,-0.41
1960-08,-1.02,-0.33,-0.15
1960-09,-0.27,-0.34,-0.28
1960-10,-0.91,-0.87,-0.49
1960-11,-0.6,-0.95,-0.45
1960-12,-0.29,-0.66,-0.38
1961-01,-0.08,-0.55,-0.31
1961-02,0.45,-0.21,-0.19
1961-03,-0.73,-0.39,-0.35
1961-04,-0.78,-0.27,-0.46
1961-05,-0.92,-0.27,-0.18
1961-06,-0.98,-0.32,-0.06
1961-07,-1.53,-0.97,-0.41
1961-08,-1.14,-1.03,-0.67
1961-09,-1.14,-1.38,-0.94
1961-10,-1.05,-1.29,-1.01
1961-11,-0.67,-0.82,-0.63
1961-12,-0.88,-0.64,-0.63
1962-01,-0.74,-0.57,-0.59
1962-02,-0.73,-0.44,-0.57
1962-03,-2.13,-0.74,-0.48
1962-04,-2.38,-1.12,-0.69
1962-05,-1.51,-1.08,-0.89
1962-06,-1.35,-0.95,-0.65
1962-07,-1.32,-0.76,-0.53
1962-08,-0.77,-0.47,-0.53
1962-09,-0.74,-0.79,-0.78
1962-10,-1.17,-0.84,-0.75
1962-11,-0.87,-1.12,-0.95
1962-12,-1.09,-1.15,-0.93
1963-01,-0.85,-0.81,-0.78
1963-02,-0.82,-0.61,-0.53
1963-03,-0.76,-0.3,-0.1
1963-04,-1.21,-0.16,-0.03
1963-05,-0.57,-0.28,-0.3
1963-06,-0.87,-0.04,-0.11
1963-07,-0.34,0.44,0.49
1963-08,0.15,0.57,0.62
1963-09,0.05,0.46,0.68
1963-10,-0.05,0.43,0.64
1963-11,-0.22,0.56,0.77
1963-12,-0.29,0.76,1.02
1964-01,-0.65,0.36,0.79
1964-02,-1.29,-0.1,0.38
1964-03,-1.4,-0.48,-0.26
1964-04,-1.35,-1.39,-0.87
1964-05,-2.67,-1.83,-1.12
1964-06,-1.88,-1.62,-1.14
1964-07,-1.77,-1.11,-0.96
1964-08,-1.67,-1.57,-1.26
1964-09,-1.23,-1.16,-1.4
1964-10,-1.44,-1.22,-1.35
1964-11,-0.97,-1.18,-1.44
1964-12,-1.33,-1.5,-1.37
1965-01,-0.69,-0.96,-0.89
1965-02,-0.32,-0.54,-0.56
1965-03,-0.01,-0.28,-0.34
1965-04,1.34,-0.11,-0.44
1965-05,1.53,0.3,0.06
1965-06,1.23,0.48,0.36
1965-07,1.04,0.7,0.61
1965-08,1.38,1.01,1.12
1965-09,0.38,1.08,1.29
1965-10,0.32,1.11,1.45
1965-11,0.43,1.28,1.42
1965-12,0.35,1.23,1.36
1966-01,0.37,1.03,1.12
1966-02,-0.62,0.49,0.8
1966-03,-1.47,-0.02,0.93
1966-04,-1.57,-0.28,0.35
1966-05,-1.72,-1.05,-0.38
1966-06,-1.56,-0.73,-0.08
1966-07,-1.29,-0.54,0.04
1966-08,-1.18,-0.76,-0.37
1966-09,-0.89,-0.9,-0.44
1966-10,-0.58,-0.75,-0.5
1966-11,-0.91,-0.99,-0.47
1966-12,-0.62,-1.1,-0.57
1967-01,-1.04,-0.73,-0.67
1967-02,-0.58,-0.5,-0.64
1967-03,-1.04,-0.9,-0.78
1967-04,-0.72,-1.23,-1.08
1967-05,-0.82,-0.66,-0.59
1967-06,-1.06,-0.38,-0.26
1967-07,-1.1,-0.69,-0.33
1967-08,-1.5,-0.99,-0.42
1967-09,-1.81,-1.39,-0.86
1967-10,-1.73,-1.36,-0.74
1967-11,-1.77,-1.21,-0.62
1967-12,-1.84,-1.24,-0.65
1968-01,-1.62,-1.4,-0.85
1968-02,-1.41,-1.57,-1.07
1968-03,-1.58,-1.44,-0.95
1968-04,-1.77,-1.09,-0.72
1968-05,-2.03,-1.21,-0.75
1968-06,-1.61,-0.43,0.15
1968-07,-0.81,0.07,0.28
1968-08,-0.26,0.03,0.16
1968-09,0.33,-0.09,0.01
1968-10,-0.14,-0.02,0.04
1968-11,-0.09,0.05,0.5
1968-12,0.16,0.4,0.67
1969-01,-0.2,0.45,0.95
1969-02,-0.75,0.32,1.11
1969-03,0.34,0.21,0.54
1969-04,0.88,0.18,0.31
1969-05,1.31,0.46,0.35
1969-06,0.97,0.23,-0.04
1969-07,0.28,-0.09,-0.21
1969-08,-0.13,0.24,0.16
1969-09,0.02,0.46,0.43
1969-10,0.6,0.54,0.62
1969-11,0.57,0.51,0.4
1969-12,0.59,0.64,0.38
1970-01,0.39,0.42,0.28
1970-02,-0.38,0.0,0.2
1970-03,-1.25,-0.38,-0.14
1970-04,-0.98,-0.54,-0.08
1970-05,-1.79,-0.98,-0.3
1970-06,-2.0,-1.46,-0.69
1970-07,-2.51,-1.93,-1.08
1970-08,-1.85,-1.74,-1.26
1970-09,-1.43,-1.27,-1.07
1970-10,-1.14,-1.27,-1.12
1970-11,-1.17,-1.48,-1.13
1970-12,-1.15,-1.32,-1.33
1971-01,-1.44,-1.58,-1.73
1971-02,-1.68,-1.57,-1.57
1971-03,-1.45,-1.3,-1.36
1971-04,-0.66,-1.04,-1.18
1971-05,-1.24,-1.12,-0.98
1971-06,-1.54,-1.24,-1.13
1971-07,-1.03,-1.12,-1.17
1971-08,-1.23,-1.33,-1.1
1971-09,-1.22,-1.04,-1.0
1971-10,-1.29,-1.33,-1.24
1971-11,-0.76,-1.31,-1.15
1971-12,-0.99,-1.48,-1.23
1972-01,-0.38,-0.73,-0.92
1972-02,0.45,-0.52,-0.45
1972-03,0.58,-0.29,-0.19
1972-04,0.64,0.0,0.07
1972-05,0.71,0.21,0.38
1972-06,1.78,0.61,0.45
1972-07,2.03,1.2,0.85
1972-08,2.37,1.63,1.09
1972-09,1.23,1.43,1.23
1972-10,1.39,1.74,1.54
1972-11,1.38,1.99,1.9
1972-12,2.01,2.25,2.09
1973-01,1.26,1.78,1.8
1973-02,0.16,0.79,1.2
1973-03,-0.58,0.09,0.27
1973-04,-1.11,-0.83,-0.58
1973-05,-1.37,-1.32,-0.97
1973-06,-1.61,-1.41,-1.18
1973-07,-1.23,-1.66,-1.54
1973-08,-1.62,-1.62,-1.63
1973-09,-1.31,-1.52,-1.66
1973-10,-1.08,-1.69,-1.98
1973-11,-1.12,-1.82,-2.37
1973-12,-1.14,-1.85,-2.26
1974-01,-1.35,-1.8,-2.09
1974-02,-1.38,-1.34,-1.66
1974-03,-0.84,-0.96,-1.45
1974-04,-0.39,-0.81,-1.36
1974-05,-0.2,-0.89,-1.29
1974-06,-0.78,-0.84,-1.2
1974-07,-0.58,-0.59,-0.9
1974-08,-0.46,-0.4,-0.52
1974-09,-0.63,-0.63,-0.64
1974-10,-1.2,-1.03,-0.94
1974-11,-1.0,-1.11,-1.09
1974-12,-1.46,-1.04,-0.97
1975-01,-1.15,-0.54,-0.45
1975-02,-1.18,-0.85,-0.68
1975-03,-0.33,-0.87,-1.09
1975-04,-0.0,-0.57,-0.96
1975-05,-0.96,-1.09,-1.13
1975-06,-1.43,-1.4,-1.5
1975-07,-0.93,-1.19,-1.39
1975-08,-0.95,-1.08,-1.52
1975-09,-1.57,-1.41,-1.66
1975-10,-1.97,-1.61,-1.83
1975-11,-2.25,-1.44,-1.66
1975-12,-1.88,-1.81,-1.93
1976-01,-1.12,-1.9,-2.01
1976-02,-0.64,-1.1,-1.26
1976-03,-0.53,-0.67,-0.82
1976-04,0.17,-0.66,-0.93
1976-05,0.7,-0.34,-0.74
1976-06,1.37,0.33,-0.38
1976-07,1.61,0.43,-0.16
1976-08,1.25,0.76,0.12
1976-09,0.83,0.82,0.3
1976-10,0.51,0.91,0.75
1976-11,0.49,0.78,0.71
1976-12,0.39,0.66,0.49
1977-01,0.23,0.88,0.78
1977-02,-0.38,0.56,0.37
1977-03,-0.46,0.22,0.19
1977-04,-0.59,-0.64,-0.38
1977-05,-0.92,-0.38,-0.21
1977-06,-0.61,-0.19,0.01
1977-07,-0.5,-0.23,0.09
1977-08,-0.9,-0.38,-0.01
1977-09,-1.11,-0.03,0.4
1977-10,-0.47,0.27,0.63
1977-11,-0.47,0.19,0.48
1977-12,-0.55,0.25,0.7
1978-01,-0.41,0.14,0.62
1978-02,-0.4,0.0,0.25
1978-03,-1.21,-0.46,-0.2
1978-04,-0.77,-0.94,-0.7
1978-05,-1.25,-1.15,-0.74
1978-06,-1.18,-0.97,-0.71
1978-07,-0.94,-0.86,-0.55
1978-08,-1.37,-1.02,-0.79
1978-09,-0.88,-0.72,-0.71
1978-10,-0.96,-0.41,-0.46
1978-11,-0.04,-0.31,-0.38
1978-12,0.09,0.01,-0.06
1979-01,0.16,-0.32,-0.13
1979-02,-0.58,-0.29,-0.22
1979-03,-0.58,-0.06,-0.02
1979-04,0.15,0.07,0.02
1979-05,-0.13,-0.05,-0.25
1979-06,0.16,-0.15,-0.29
1979-07,-0.26,-0.31,-0.47
1979-08,-0.07,0.13,-0.1
1979-09,0.43,0.58,0.28
1979-10,0.45,0.44,0.11
1979-11,0.14,0.39,0.29
1979-12,-0.08,0.43,0.52
1980-01,-0.25,0.38,0.54
1980-02,-0.42,0.03,0.22
1980-03,-0.01,-0.18,0.03
1980-04,0.0,-0.2,-0.07
1980-05,-0.43,-0.15,0.08
1980-06,-0.36,0.08,0.21
1980-07,-0.84,-0.23,-0.06
1980-08,-0.48,-0.34,-0.38
1980-09,-0.3,-0.18,-0.28
1980-10,-0.5,-0.42,-0.26
1980-11,-0.41,-0.1,-0.1
1980-12,-0.4,0.01,0.05
1981-01,-1.5,-0.71,-0.36
1981-02,-1.17,-0.88,-0.64
1981-03,-0.55,-0.59,-0.64
1981-04,-0.73,-0.52,-0.53
1981-05,-0.77,-0.54,-0.57
1981-06,-0.63,-0.43,-0.46
1981-07,-0.89,-0.6,-0.64
1981-08,-1.13,-0.73,-0.53
1981-09,-0.79,-0.23,-0.19
1981-10,-0.57,-0.18,-0.3
1981-11,-0.46,-0.41,-0.41
1981-12,-0.18,-0.05,-0.2
1982-01,-0.26,0.2,0.13
1982-02,-0.79,-0.0,-0.17
1982-03,-1.29,-0.1,0.13
1982-04,-0.81,-0.01,0.21
1982-05,-0.31,0.39,0.45
1982-06,0.13,0.54,0.53
1982-07,0.47,0.41,0.37
1982-08,0.8,0.95,0.73
1982-09,1.31,1.89,1.49
1982-10,1.81,2.3,1.99
1982-11,3.03,2.4,1.92
1982-12,3.16,2.86,2.2
1983-01,2.65,3.0,2.35
1983-02,2.03,2.3,1.94
1983-03,2.23,1.68,1.38
1983-04,3.32,1.55,0.95
1983-05,3.85,1.73,0.9
1983-06,4.24,1.52,0.54
1983-07,3.8,0.8,-0.11
1983-08,2.93,0.65,-0.27
1983-09,1.37,0.13,-0.52
1983-10,0.99,-0.61,-1.16
1983-11,0.4,-1.03,-1.29
1983-12,0.21,-0.84,-1.03
1984-01,-0.39,-0.58,-0.67
1984-02,-0.88,-0.15,-0.19
1984-03,-0.87,-0.23,-0.52
1984-04,-0.23,-0.49,-0.68
1984-05,-1.11,-0.93,-0.73
1984-06,-0.95,-1.17,-0.9
1984-07,-0.63,-0.78,-0.5
1984-08,-0.56,-0.41,-0.24
1984-09,-0.07,-0.34,-0.34
1984-10,-0.51,-0.67,-0.67
1984-11,-0.13,-0.99,-1.19
1984-12,-0.4,-1.27,-1.34
1985-01,-0.78,-1.26,-1.16
1985-02,-1.38,-0.9,-0.72
1985-03,-0.89,-0.78,-0.79
1985-04,-1.37,-1.05,-1.18
1985-05,-1.88,-1.07,-1.03
1985-06,-1.27,-1.02,-0.91
1985-07,-1.4,-1.1,-0.74
1985-08,-1.23,-0.88,-0.56
1985-09,-0.99,-0.86,-0.7
1985-10,-0.92,-0.8,-0.49
1985-11,-0.79,-0.7,-0.37
1985-12,-0.38,-0.73,-0.41
1986-01,-0.0,-0.8,-0.66
1986-02,-0.1,-0.53,-0.71
1986-03,-0.73,-0.37,-0.42
1986-04,-0.85,-0.38,-0.33
1986-05,-1.18,-0.6,-0.53
1986-06,-1.08,-0.45,-0.31
1986-07,-0.49,-0.14,-0.11
1986-08,-0.1,0.17,0.32
1986-09,0.18,0.3,0.53
1986-10,0.25,0.53,0.81
1986-11,0.36,0.78,1.01
1986-12,0.6,0.92,1.12
1987-01,0.99,1.02,1.14
1987-02,0.97,1.14,1.13
1987-03,1.44,1.0,0.98
1987-04,1.56,0.77,0.58
1987-05,1.52,0.89,0.62
1987-06,0.98,0.86,0.92
1987-07,1.03,1.11,1.29
1987-08,0.82,1.45,1.57
1987-09,1.1,1.66,1.65
1987-10,1.45,1.16,1.24
1987-11,1.14,0.99,1.07
1987-12,0.67,1.0,0.94
1988-01,0.02,0.68,0.9
1988-02,-0.31,-0.01,0.28
1988-03,-0.81,-0.15,0.1
1988-04,-0.83,-0.65,-0.44
1988-05,-1.26,-1.57,-1.25
1988-06,-1.66,-2.18,-1.74
1988-07,-1.37,-2.06,-1.74
1988-08,-1.46,-1.48,-1.19
1988-09,-1.29,-1.09,-1.0
1988-10,-1.2,-1.55,-1.9
1988-11,-0.96,-1.67,-2.05
1988-12,-0.75,-1.61,-1.96
1989-01,-0.3,-1.44,-1.97
1989-02,-0.06,-0.96,-1.47
1989-03,-0.15,-1.01,-1.21
1989-04,-0.09,-0.86,-1.08
1989-05,-1.2,-0.83,-0.88
1989-06,-1.08,-0.32,-0.59
1989-07,-0.79,-0.45,-0.57
1989-08,-0.3,-0.4,-0.53
1989-09,-0.65,-0.3,-0.3
1989-10,-0.48,-0.4,-0.4
1989-11,-0.24,-0.59,-0.45
1989-12,-0.4,-0.38,-0.13
1990-01,-0.48,-0.29,0.01
1990-02,-0.16,0.01,0.21
1990-03,-0.44,-0.28,0.04
1990-04,-0.52,-0.1,0.08
1990-05,-0.24,0.16,0.08
1990-06,-0.3,-0.04,-0.08
1990-07,-0.66,0.01,0.09
1990-08,-0.44,0.11,0.22
1990-09,-0.49,0.12,0.22
1990-10,-0.7,-0.14,0.21
1990-11,-0.65,-0.2,0.1
1990-12,-0.5,-0.08,0.35
1991-01,-0.54,0.13,0.49
1991-02,-0.38,0.0,0.32
1991-03,-0.21,-0.16,0.03
1991-04,-0.3,-0.05,0.19
1991-05,-0.33,0.24,0.26
1991-06,0.21,0.68,0.52
1991-07,0.6,0.83,0.76
1991-08,0.37,0.51,0.68
1991-09,0.46,0.36,0.42
1991-10,0.65,0.61,0.86
1991-11,0.72,0.95,1.2
1991-12,0.83,1.25,1.69
1992-01,0.47,1.37,1.84
1992-02,0.61,1.27,1.78
1992-03,1.24,1.05,1.38
1992-04,2.19,1.17,1.2
1992-05,2.22,1.19,1.04
1992-06,0.85,0.55,0.58
1992-07,-0.07,-0.06,0.22
1992-08,-0.14,-0.08,0.05
1992-09,0.03,-0.07,-0.06
1992-10,0.01,-0.34,-0.3
1992-11,-0.07,-0.46,-0.28
1992-12,-0.1,-0.36,-0.15
1993-01,-0.01,-0.11,0.14
1993-02,0.3,0.39,0.41
1993-03,0.6,0.4,0.39
1993-04,1.25,0.84,0.59
1993-05,1.15,1.07,0.78
1993-06,1.04,0.44,0.35
1993-07,0.7,0.24,0.23
1993-08,0.56,0.24,0.13
1993-09,0.38,0.32,0.35
1993-10,0.55,0.13,0.06
1993-11,0.31,-0.01,0.0
1993-12,0.02,0.09,0.16
1994-01,-0.09,0.2,0.1
1994-02,-0.33,-0.08,0.06
1994-03,-1.01,-0.35,0.11
1994-04,-1.27,-0.38,0.26
1994-05,-1.06,-0.1,0.31
1994-06,-0.91,-0.06,0.32
1994-07,-0.87,-0.28,0.24
1994-08,-1.03,-0.26,0.53
1994-09,-0.15,-0.05,0.48
1994-10,0.8,0.52,0.75
1994-11,0.6,0.89,1.11
1994-12,0.86,0.82,1.25
1995-01,0.73,0.77,1.02
1995-02,0.1,0.45,0.73
1995-03,-0.49,-0.03,0.46
1995-04,-1.55,-0.4,0.28
1995-05,-1.41,-0.72,-0.11
1995-06,-0.93,-0.55,-0.14
1995-07,-0.61,-0.44,-0.21
1995-08,-0.41,-0.9,-0.63
1995-09,-0.28,-1.04,-0.84
1995-10,-0.55,-1.0,-0.88
1995-11,-0.28,-1.07,-1.1
1995-12,-0.85,-0.98,-0.95
1996-01,-0.65,-0.81,-0.86
1996-02,-0.44,-0.67,-0.86
1996-03,-0.33,-0.53,-0.61
1996-04,-1.92,-0.83,-0.47
1996-05,-1.44,-0.74,-0.38
1996-06,-1.89,-0.76,-0.44
1996-07,-1.26,-0.64,-0.44
1996-08,-0.87,-0.42,-0.22
1996-09,-0.65,-0.5,-0.45
1996-10,-0.7,-0.59,-0.44
1996-11,-1.1,-0.66,-0.41
1996-12,-1.13,-1.01,-0.64
1997-01,-0.9,-0.89,-0.53
1997-02,-0.22,-0.68,-0.37
1997-03,0.54,-0.35,-0.25
1997-04,0.91,-0.12,0.16
1997-05,2.12,0.65,0.64
1997-06,3.0,1.51,1.09
1997-07,3.63,2.09,1.56
1997-08,3.96,2.59,1.89
1997-09,3.96,2.84,2.13
1997-10,3.67,3.08,2.36
1997-11,4.47,3.27,2.41
1997-12,4.25,3.3,2.29
1998-01,3.55,3.08,2.38
1998-02,2.64,2.49,2.03
1998-03,2.74,1.92,1.34
1998-04,2.68,1.64,0.78
1998-05,2.72,1.39,0.57
1998-06,2.24,0.37,-0.39
1998-07,1.42,-0.38,-0.99
1998-08,0.96,-0.67,-1.28
1998-09,0.22,-0.95,-1.26
1998-10,0.33,-0.99,-1.46
1998-11,-0.14,-0.86,-1.46
1998-12,-0.18,-1.1,-1.69
1999-01,-0.78,-1.25,-1.69
1999-02,-0.54,-0.88,-1.32
1999-03,-0.04,-0.52,-0.95
1999-04,-0.9,-0.87,-1.11
1999-05,-0.69,-0.81,-1.15
1999-06,-0.76,-0.9,-1.19
1999-07,-0.23,-0.76,-1.17
1999-08,-0.11,-0.84,-1.22
1999-09,-1.05,-1.11,-1.09
1999-10,-0.86,-1.38,-1.23
1999-11,-1.23,-1.5,-1.58
1999-12,-0.64,-1.55,-1.74
2000-01,-0.76,-1.66,-1.77
2000-02,-0.62,-1.14,-1.55
2000-03,-0.47,-0.5,-0.98
2000-04,-0.04,-0.17,-0.87
2000-05,-0.4,-0.37,-0.86
2000-06,-0.38,-0.59,-0.79
2000-07,-0.28,-0.62,-0.67
2000-08,-0.57,-0.48,-0.49
2000-09,-0.23,-0.32,-0.52
2000-10,-0.27,-0.5,-0.7
2000-11,-1.19,-0.7,-0.79
2000-12,-0.96,-0.66,-0.92
2001-01,-0.63,-0.42,-0.73
2001-02,-0.48,-0.28,-0.63
2001-03,0.17,-0.01,-0.48
2001-04,0.18,-0.12,-0.49
2001-05,-0.71,-0.14,-0.34
2001-06,-0.85,-0.28,-0.19
2001-07,-0.58,-0.27,-0.04
2001-08,-0.84,-0.22,-0.05
2001-09,-1.13,-0.59,-0.2
2001-10,-1.13,-0.43,-0.14
2001-11,-0.89,-0.68,-0.37
2001-12,-1.02,-0.62,-0.41
2002-01,-0.78,-0.49,-0.15
2002-02,-0.07,-0.24,-0.04
2002-03,0.77,0.14,0.01
2002-04,0.82,0.0,0.02
2002-05,0.63,0.26,0.31
2002-06,0.38,0.57,0.72
2002-07,-0.23,0.39,0.74
2002-08,-0.26,0.51,0.87
2002-09,0.2,0.86,1.09
2002-10,0.37,0.99,1.25
2002-11,0.97,1.3,1.47
2002-12,1.1,1.21,1.37
2003-01,0.13,0.57,0.6
2003-02,-0.12,0.44,0.64
2003-03,-0.07,0.19,0.36
2003-04,-0.56,-0.44,-0.14
2003-05,-1.65,-0.96,-0.61
2003-06,-1.35,-0.59,-0.29
2003-07,-1.01,0.12,0.21
2003-08,0.01,0.26,0.26
2003-09,-0.45,0.15,0.27
2003-10,0.23,0.4,0.42
2003-11,0.28,0.64,0.33
2003-12,0.22,0.77,0.43
2004-01,-0.21,0.42,0.27
2004-02,-0.07,0.3,0.23
2004-03,-0.74,0.13,0.12
2004-04,-0.57,-0.07,0.07
2004-05,-1.59,-0.45,0.06
2004-06,-1.07,-0.26,0.13
2004-07,-0.78,-0.02,0.49
2004-08,-0.75,0.24,0.76
2004-09,-0.27,0.45,0.81
2004-10,0.15,0.54,0.73
2004-11,0.72,0.63,0.66
2004-12,0.36,0.69,0.74
2005-01,-0.02,0.32,0.66
2005-02,-0.94,-0.09,0.36
2005-03,-1.46,-0.07,0.45
2005-04,-0.42,-0.05,0.26
2005-05,-0.38,0.16,0.3
2005-06,-0.77,0.06,0.04
2005-07,-0.35,0.1,-0.23
2005-08,-0.4,0.18,-0.05
2005-09,-0.74,-0.08,-0.04
2005-10,-1.27,-0.34,-0.06
2005-11,-1.43,-1.13,-0.59
2005-12,-0.92,-1.22,-0.92
2006-01,-0.37,-0.81,-0.91
2006-02,0.22,-0.35,-0.67
2006-03,-0.29,-0.55,-0.71
2006-04,-1.5,-0.42,-0.32
2006-05,-0.56,-0.08,-0.09
2006-06,-0.21,-0.01,0.0
2006-07,0.2,0.01,0.01
2006-08,0.7,0.39,0.31
2006-09,0.97,0.83,0.6
2006-10,1.05,0.88,0.7
2006-11,0.79,0.99,0.99
2006-12,0.71,1.14,1.14
2007-01,0.66,0.87,0.7
2007-02,0.11,0.08,0.13
2007-03,-0.64,-0.4,-0.18
2007-04,-1.22,-0.63,-0.32
2007-05,-1.79,-0.88,-0.47
2007-06,-1.61,-0.72,-0.35
2007-07,-0.98,-0.95,-0.59
2007-08,-1.2,-1.18,-0.72
2007-09,-0.97,-1.27,-1.11
2007-10,-1.52,-1.43,-1.39
2007-11,-1.73,-1.62,-1.54
2007-12,-1.66,-1.66,-1.58
2008-01,-0.48,-1.46,-1.68
2008-02,0.22,-1.24,-1.67
2008-03,0.39,-0.75,-1.21
2008-04,0.41,-0.46,-0.99
2008-05,0.54,-0.25,-0.84
2008-06,0.55,-0.16,-0.68
2008-07,0.99,0.28,-0.3
2008-08,1.4,0.5,-0.13
2008-09,1.02,0.3,-0.25
2008-10,0.35,0.09,-0.35
2008-11,-0.28,-0.12,-0.46
2008-12,-0.45,-0.56,-0.86
2009-01,-0.17,-0.51,-0.89
2009-02,-0.68,-0.57,-0.79
2009-03,-0.81,-0.71,-0.69
2009-04,0.41,-0.17,-0.35
2009-05,0.34,0.29,0.06
2009-06,0.65,0.56,0.31
2009-07,0.75,0.69,0.48
2009-08,0.84,0.8,0.56
2009-09,0.51,0.78,0.68
2009-10,0.32,0.78,0.89
2009-11,0.33,1.08,1.46
2009-12,0.6,1.33,1.74
2010-01,0.28,1.07,1.52
2010-02,0.12,0.88,1.25
2010-03,0.07,0.55,0.9
2010-04,-0.11,0.27,0.38
2010-05,0.24,-0.17,-0.22
2010-06,0.01,-0.71,-0.69
2010-07,-1.03,-1.01,-1.07
2010-08,-1.31,-1.14,-1.39
2010-09,-1.22,-1.29,-1.6
2010-10,-1.28,-1.48,-1.69
2010-11,-1.31,-1.52,-1.64
2010-12,-0.9,-1.5,-1.6
2011-01,-0.48,-1.26,-1.54
2011-02,-0.16,-0.77,-1.11
2011-03,-0.88,-0.73,-0.93
2011-04,-0.19,-0.33,-0.77
2011-05,0.11,-0.29,-0.52
2011-06,0.3,-0.12,-0.38
2011-07,0.1,-0.2,-0.43
2011-08,-0.21,-0.39,-0.65
2011-09,-0.74,-0.61,-0.8
2011-10,-0.78,-1.06,-1.05
2011-11,-0.57,-1.12,-1.19
2011-12,-0.68,-0.92,-1.06
2012-01,-0.18,-0.57,-0.87
2012-02,0.36,-0.19,-0.67
2012-03,0.16,-0.18,-0.61
2012-04,0.9,-0.02,-0.5
2012-05,0.87,0.09,-0.32
2012-06,1.02,0.44,0.02
2012-07,0.4,0.57,0.25
2012-08,0.07,0.52,0.47
2012-09,0.06,0.34,0.38
2012-10,-0.37,0.02,0.26
2012-11,-0.41,-0.02,0.16
2012-12,-0.85,-0.42,-0.25
2013-01,-0.68,-0.66,-0.53
2013-02,-0.73,-0.56,-0.52
2013-03,-0.67,-0.12,-0.25
2013-04,-1.23,-0.36,-0.25
2013-05,-1.58,-0.82,-0.4
2013-06,-1.91,-0.89,-0.42
2013-07,-1.6,-0.7,-0.39
2013-08,-1.16,-0.65,-0.38
2013-09,-0.77,-0.33,-0.18
2013-10,-0.75,-0.19,-0.2
2013-11,-0.56,-0.2,-0.14
2013-12,-0.44,-0.13,-0.17
2014-01,-0.01,-0.43,-0.49
2014-02,-0.61,-0.79,-0.62
2014-03,-0.31,-0.32,-0.28
2014-04,-0.03,0.06,0.08
2014-05,1.06,0.38,0.32
2014-06,1.54,0.53,0.23
2014-07,0.98,0.31,-0.06
2014-08,0.89,0.18,-0.03
2014-09,0.8,0.37,0.29
2014-10,0.69,0.58,0.44
2014-11,0.8,0.77,0.75
2014-12,0.41,0.68,0.71
2015-01,-0.16,0.35,0.51
2015-02,-0.53,0.05,0.42
2015-03,0.09,0.1,0.47
2015-04,1.0,0.63,0.7
2015-05,1.55,0.94,0.92
2015-06,2.19,1.45,1.18
2015-07,2.54,1.85,1.46
2015-08,1.65,2.09,1.93
2015-09,2.28,2.5,2.21
2015-10,2.12,2.62,2.36
2015-11,2.28,2.84,2.72
2015-12,2.21,2.84,2.66
2016-01,1.79,2.59,2.57
2016-02,1.3,1.97,2.26
2016-03,1.35,1.53,1.62
2016-04,0.45,0.62,0.91
2016-05,0.49,-0.03,0.3
2016-06,0.64,-0.14,-0.03
2016-07,0.25,-0.61,-0.48
2016-08,0.24,-0.53,-0.58
2016-09,0.57,-0.26,-0.58
2016-10,0.34,-0.56,-0.74
2016-11,0.12,-0.62,-0.76
2016-12,0.43,-0.47,-0.5
2017-01,0.93,-0.08,-0.43
2017-02,1.36,0.42,-0.08
2017-03,1.61,0.35,0.03
2017-04,1.05,0.45,0.22
2017-05,0.21,0.29,0.37
2017-06,-0.24,0.06,0.34
2017-07,-0.32,0.04,0.25
2017-08,-0.34,-0.25,-0.16
2017-09,-0.81,-0.72,-0.43
2017-10,-0.81,-0.72,-0.56
2017-11,-1.2,-1.08,-0.97
2017-12,-1.42,-1.22,-0.98
2018-01,-1.12,-1.18,-0.98
2018-02,-0.97,-0.9,-0.78
2018-03,-1.35,-0.93,-0.8
2018-04,-1.03,-0.62,-0.51
2018-05,-0.75,-0.33,-0.2
2018-06,-0.72,0.01,0.04
2018-07,-0.4,0.11,0.12
2018-08,-0.27,-0.06,0.09
2018-09,-0.08,0.35,0.47
2018-10,0.16,0.75,0.9
2018-11,0.81,0.9,0.9
2018-12,1.05,0.92,0.89
2019-01,0.83,0.6,0.65
2019-02,0.52,0.59,0.71
2019-03,0.12,0.64,0.81
2019-04,0.3,0.55,0.62
2019-05,0.2,0.5,0.55
2019-06,-0.34,0.2,0.45
2019-07,-0.69,-0.1,0.35
2019-08,-0.76,-0.32,0.04
2019-09,-0.71,-0.27,0.03
2019-10,-0.74,0.16,0.48
2019-11,-0.11,0.33,0.52
2019-12,-0.04,0.24,0.52
2020-01,-0.37,0.22,0.6
2020-02,0.02,0.1,0.37
2020-03,-0.06,0.2,0.48
2020-04,0.28,0.27,0.36
2020-05,-0.14,-0.33,-0.27
2020-06,-0.7,-0.69,-0.34
2020-07,-1.28,-0.59,-0.3
2020-08,-1.05,-0.61,-0.59
2020-09,-1.22,-0.99,-0.83
2020-10,-0.6,-1.1,-1.26
2020-11,-0.58,-1.21,-1.42
2020-12,-0.6,-0.82,-1.15
2021-01,-0.88,-0.62,-1.0
2021-02,-0.86,-0.73,-1.0
2021-03,-0.75,-0.69,-0.8
2021-04,-0.94,-0.79,-0.72
2021-05,-0.79,-0.56,-0.46
2021-06,-0.37,-0.32,-0.28
2021-07,-0.21,-0.32,-0.39
2021-08,-0.29,-0.45,-0.53
2021-09,-0.7,-0.43,-0.55
2021-10,-0.87,-0.78,-0.94
2021-11,-1.12,-1.03,-0.94
2021-12,-1.69,-1.27,-1.06
2022-01,-1.11,-1.31,-0.94
2022-02,-1.58,-1.14,-0.89
2022-03,-0.76,-0.73,-0.97
2022-04,-1.4,-0.92,-1.11
2022-05,-1.66,-1.05,-1.11
2022-06,-1.49,-0.81,-0.75
2022-07,-1.2,-0.53,-0.69
2022-08,-0.6,-0.67,-0.97
2022-09,-1.02,-0.96,-1.07
2022-10,-1.78,-1.11,-0.99
2022-11,-1.13,-0.94,-0.9
2022-12,-0.46,-0.82,-0.85
2023-01,-0.56,-0.56,-0.72
2023-02,0.48,-0.1,-0.46
2023-03,1.49,0.3,-0.11
2023-04,2.62,0.47,0.14
2023-05,2.22,0.84,0.46
2023-06,2.5,1.26,0.84
2023-07,2.98,1.6,1.02
2023-08,3.29,2.0,1.35
2023-09,2.42,2.1,1.6
2023-10,2.32,2.15,1.72
2023-11,2.07,2.1,2.02
2023-12,1.61,2.02,2.03
2024-01,1.29,1.85,1.81
2024-02,1.12,1.52,1.52
2024-03,0.25,0.83,1.13
2024-04,-0.21,0.5,0.77
2024-05,-1.16,-0.19,0.23
2024-06,-0.95,-0.27,0.17
2024-07,-0.78,-0.14,0.04
2024-08,-0.42,-0.29,-0.12
2024-09,-0.75,-0.2,-0.26
2024-10,-0.32,-0.16,-0.27
2024-11,0.06,-0.16,-0.25
2024-12,-0.03,-0.39,-0.6
2025-01,-0.33,-0.3,-0.74
2025-02,0.58,0.02,-0.43
2025-03,0.99,0.45,0.01
2025-04,0.42,0.05,-0.14
2025-05,-0.06,-0.13,-0.13
2025-06,0.09,-0.08,-0.07
2025-07,0.25,-0.02,-0.14
2025-08,0.06,-0.25,-0.36
2025-09,-0.44,-0.5,-0.47
2025-10,-0.35,-0.41,-0.5
2025-11,-0.46,-0.63,-0.7
2025-12,-0.62,-0.8,-0.67
2026-01,-0.29,-0.64,-0.58
2026-02,0.71,-0.09,-0.27
2026-03,0.89,0.21,-0.01
2026-04,1.31,0.43,0.29
2026-05,1.82,1.16,0.9
2026-06,2.82,1.71,1.44
