Mes,Aportes_Pct,Embalses_Pct,Precio_Ponderado_COP
2015-01,78.33338709677419,70.06016129032258,189.97255580645162
2015-02,104.76464285714286,61.518035714285716,168.21424321428572
2015-03,86.43609677419354,49.54135483870968,207.44264580645162
2015-04,94.43446666666667,45.65103333333333,163.46939933333334
2015-05,68.65606451612904,42.822225806451605,264.3782493548387
2015-06,107.7585,52.23873333333333,190.15653466666666
2015-07,96.96083870967742,63.134322580645154,209.72644806451612
2015-08,96.84009677419355,68.64209677419355,186.6894258064516
2015-09,65.94806666666668,67.8658,463.795481
2015-10,49.67477419354839,63.48377419354839,1117.2712877419353
2015-11,63.55596666666668,65.1876,772.8628383333332
2015-12,51.73509677419356,64.63312903225807,636.3643212903226
2016-01,50.75483870967742,57.399354838709684,562.865924516129
2016-02,56.78972413793104,47.29555172413793,650.3132589655172
2016-03,57.56264516129031,40.706645161290325,832.9181951612903
2016-04,80.04913333333333,40.10123333333333,335.465711
2016-05,78.06516129032258,41.96648387096774,141.87390419354838
2016-06,73.48096666666667,45.332033333333335,171.46729166666668
2016-07,94.16290322580645,53.53929032258065,131.0535306451613
2016-08,82.06658064516128,56.05790322580645,201.6344687096774
2016-09,105.86879999999998,59.83786666666667,154.24406433333334
2016-10,81.57138709677419,63.10196774193548,188.88298387096776
2016-11,96.77513333333334,68.90926666666667,169.11786933333332
2016-12,109.51516129032257,74.85374193548388,108.74035032258064
2017-01,127.29845161290324,71.21403225806452,114.59592064516129
2017-02,84.78635714285714,61.31585714285714,159.5439589285714
2017-03,162.64851612903226,54.798,121.90964967741937
2017-04,95.66223333333333,58.91913333333334,98.34600900000001
2017-05,123.97490322580647,66.73903225806451,72.14410516129031
2017-06,103.03293333333335,75.21379999999999,68.67733266666667
2017-07,89.88693548387097,79.05522580645162,71.2596229032258
2017-08,77.98274193548387,77.50358064516128,93.51821064516129
2017-09,87.04583333333333,74.8406,125.56708666666667
2017-10,69.22829032258065,72.45451612903226,139.00615032258065
2017-11,86.2212,71.73200000000001,128.47567333333333
2017-12,81.40093548387097,68.86164516129033,102.19201290322582
2018-01,115.36177419354838,63.431387096774195,125.53608387096773
2018-02,83.99482142857143,54.276,141.02076964285715
2018-03,84.795,43.29622580645161,173.16919548387096
2018-04,132.46783333333335,43.72213333333333,118.02390633333333
2018-05,143.73187096774194,58.01106451612903,75.79065903225806
2018-06,119.50626666666666,74.34096666666666,74.29432866666666
2018-07,104.85777419354838,80.04583870967743,81.03189870967742
2018-08,95.00948387096774,80.92316129032258,97.39346258064516
2018-09,86.44893333333333,79.586,103.54060633333333
2018-10,90.73674193548386,80.18435483870968,125.02516516129032
2018-11,85.76576666666666,81.87273333333334,105.46012566666667
2018-12,64.19464516129032,76.85045161290323,192.70786290322582
2019-01,69.75674193548387,65.75977419354838,288.9677754838709
2019-02,78.37571428571428,54.234821428571436,307.99886357142856
2019-03,92.05861290322581,45.79109677419355,266.5967829032258
2019-04,108.76793333333335,44.738566666666664,193.13719799999998
2019-05,99.37645161290322,50.02883870967742,175.19226322580644
2019-06,111.2204,64.78093333333334,115.672436
2019-07,96.50645161290323,72.85906451612904,125.07470645161291
2019-08,77.59209677419355,74.13419354838709,150.84479064516128
2019-09,69.1488,67.86016666666667,288.18252966666665
2019-10,81.00593548387097,67.5492258064516,327.43408741935485
2019-11,72.54876666666667,70.34283333333333,236.54393766666666
2019-12,75.43932258064517,67.31067741935483,313.2198422580645
2020-01,70.3091935483871,60.24322580645162,327.5442164516129
2020-02,68.3356551724138,47.915,434.43066413793105
2020-03,69.74093548387096,38.639,342.6044487096774
2020-04,60.26830000000001,33.50086666666667,255.03690833333334
2020-05,59.01854838709677,32.882,366.0538703225807
2020-06,79.48146666666666,41.00696666666666,309.934524
2020-07,104.75274193548385,56.246967741935485,159.25541354838708
2020-08,79.96654838709676,63.05900000000001,160.54743096774195
2020-09,88.57496666666667,67.1229,152.93896666666666
2020-10,69.18945161290323,68.4374193548387,202.58918
2020-11,111.13583333333332,73.1403,184.054787
2020-12,89.18551612903227,74.25306451612904,165.51403967741936
2021-01,100.30961290322583,68.33806451612902,182.84695838709678
2021-02,96.68207142857142,57.151071428571434,272.2169953571428
2021-03,172.36564516129033,54.9968064516129,168.45338
2021-04,110.9718,60.316,164.38132
2021-05,132.07051612903226,74.19035483870967,100.99616354838709
2021-06,138.11663333333334,83.35073333333334,90.66850666666667
2021-07,108.98345161290321,84.75377419354838,91.87501225806452
2021-08,116.51229032258064,85.90267741935483,94.07911612903226
2021-09,108.93063333333333,85.39323333333333,109.12005133333334
2021-10,100.53551612903226,84.08929032258065,105.20128741935483
2021-11,99.34073333333333,84.3533,105.18508166666668
2021-12,83.54180645161291,81.324,338.43180193548386
2022-01,90.69545161290323,73.9245806451613,292.49897225806455
2022-02,113.65925000000001,62.25089285714286,402.66686107142857
2022-03,150.2,58.73364516129031,229.43335677419353
2022-04,133.1016666666667,59.771166666666666,145.68017966666667
2022-05,103.80925806451613,67.73641935483872,106.2499835483871
2022-06,124.35713333333334,76.3101,104.55449533333334
2022-07,118.68729032258062,83.85732258064516,109.78843161290324
2022-08,118.65387096774194,86.69364516129032,151.90409483870968
2022-09,113.7967,84.95663333333333,256.4557193333333
2022-10,128.03951612903225,83.231,304.0785822580645
2022-11,137.31253333333333,86.48923333333333,187.691047
2022-12,102.71154838709677,83.00151612903225,340.60804322580645
2023-01,142.7258064516129,76.73245161290323,375.989994516129
2023-02,96.97739285714285,65.33185714285715,532.6275485714285
2023-03,173.0461935483871,59.954870967741925,297.8025687096774
2023-04,114.75863333333334,59.581533333333326,229.513312
2023-05,78.41990322580645,60.44674193548387,576.7928622580646
2023-06,86.26543333333333,69.9054,469.171291
2023-07,93.99819354838709,77.6978064516129,528.1834364516129
2023-08,83.3028064516129,81.8261935483871,539.0218229032258
2023-09,55.640766666666664,77.41733333333333,1017.5048889999999
2023-10,59.45012903225806,72.44674193548387,1023.5738938709678
2023-11,74.43616666666667,75.28063333333334,520.0613646666667
2023-12,58.025677419354835,71.94351612903226,659.7618358064516
2024-01,53.26296774193548,63.662354838709675,560.7338619354839
2024-02,62.266275862068966,50.17865517241379,572.0996903448275
2024-03,45.575967741935486,36.790516129032255,625.243004516129
2024-04,59.68366666666667,30.66433333333334,754.7970946666667
2024-05,97.79741935483871,38.07796774193548,296.4960780645161
2024-06,116.87616666666665,51.46396666666667,285.9645676666667
2024-07,92.13912903225807,59.31732258064517,289.37050322580643
2024-08,65.24367741935484,57.322870967741935,571.804160967742
2024-09,58.223866666666666,51.586866666666666,875.6061593333333
2024-10,61.77825806451614,53.06796774193548,1553.0905599999999
2024-11,89.9107,62.63850000000001,1068.0442263333332
2024-12,72.9901935483871,66.39174193548388,749.8823483870968
2025-01,94.30022580645162,65.74496774193548,524.8413403225807
2025-02,130.50303571428572,56.81992857142857,435.6544296428571
2025-03,133.82345161290323,51.59025806451613,235.4596335483871
2025-04,146.2916,53.64186666666666,143.441941
2025-05,140.89951612903224,67.52019354838708,129.11089612903226
2025-06,136.23746666666668,78.63666666666667,113.16950366666667
2025-07,118.59396774193549,82.30690322580645,137.8811522580645
2025-08,99.87670967741936,82.518,247.7294112903226
2025-09,95.41813333333333,82.88976666666666,304.003166
2025-10,94.15929032258065,82.47806451612904,175.55018193548386
2025-11,85.74963333333334,84.38713333333332,225.657942
2025-12,92.78225806451613,83.505,281.52818806451614
2026-01,139.17225806451611,78.9064193548387,214.0292835483871
2026-02,181.3292142857143,74.95657142857142,125.00473392857143
2026-03,110.21012903225807,67.53316129032257,223.02864451612905
2026-04,95.01343333333332,62.75256666666667,274.049957
2026-05,75.51064516129033,65.59051612903227,512.0066319354838
2026-06,76.04363333333333,73.28816666666668,557.4288976666667
2026-07,79.11690322580645,78.99296774193549,795.9465177419355
2026-08,71.55,78.80666666666666,936.5297019999999
