Mes,ONI,Estacion,Fecha
1950-01,-1.32,DJF,1950-01-01
1950-02,-1.2,JFM,1950-02-01
1950-03,-1.12,FMA,1950-03-01
1950-04,-1.08,MAM,1950-04-01
1950-05,-1.1,AMJ,1950-05-01
1950-06,-0.9,MJJ,1950-06-01
1950-07,-0.62,JJA,1950-07-01
1950-08,-0.57,JAS,1950-08-01
1950-09,-0.56,ASO,1950-09-01
1950-10,-0.62,SON,1950-10-01
1950-11,-0.66,OND,1950-11-01
1950-12,-0.79,NDJ,1950-12-01
1951-01,-0.66,DJF,1951-01-01
1951-02,-0.36,JFM,1951-02-01
1951-03,-0.04,FMA,1951-03-01
1951-04,0.16,MAM,1951-04-01
1951-05,0.27,AMJ,1951-05-01
1951-06,0.5,MJJ,1951-06-01
1951-07,0.71,JJA,1951-07-01
1951-08,0.9,JAS,1951-08-01
1951-09,1.02,ASO,1951-09-01
1951-10,1.03,SON,1951-10-01
1951-11,0.96,OND,1951-11-01
1951-12,0.71,NDJ,1951-12-01
1952-01,0.52,DJF,1952-01-01
1952-02,0.27,JFM,1952-02-01
1952-03,0.33,FMA,1952-03-01
1952-04,0.18,MAM,1952-04-01
1952-05,-0.07,AMJ,1952-05-01
1952-06,-0.44,MJJ,1952-06-01
1952-07,-0.45,JJA,1952-07-01
1952-08,-0.2,JAS,1952-08-01
1952-09,0.03,ASO,1952-09-01
1952-10,0.04,SON,1952-10-01
1952-11,-0.11,OND,1952-11-01
1952-12,0.06,NDJ,1952-12-01
1953-01,0.25,DJF,1953-01-01
1953-02,0.5,JFM,1953-02-01
1953-03,0.48,FMA,1953-03-01
1953-04,0.56,MAM,1953-04-01
1953-05,0.77,AMJ,1953-05-01
1953-06,0.74,MJJ,1953-06-01
1953-07,0.63,JJA,1953-07-01
1953-08,0.68,JAS,1953-08-01
1953-09,0.59,ASO,1953-09-01
1953-10,0.78,SON,1953-10-01
1953-11,0.52,OND,1953-11-01
1953-12,0.56,NDJ,1953-12-01
1954-01,0.41,DJF,1954-01-01
1954-02,0.35,JFM,1954-02-01
1954-03,0.01,FMA,1954-03-01
1954-04,-0.27,MAM,1954-04-01
1954-05,-0.48,AMJ,1954-05-01
1954-06,-0.48,MJJ,1954-06-01
1954-07,-0.67,JJA,1954-07-01
1954-08,-0.83,JAS,1954-08-01
1954-09,-0.73,ASO,1954-09-01
1954-10,-0.52,SON,1954-10-01
1954-11,-0.4,OND,1954-11-01
1954-12,-0.44,NDJ,1954-12-01
1955-01,-0.5,DJF,1955-01-01
1955-02,-0.48,JFM,1955-02-01
1955-03,-0.58,FMA,1955-03-01
1955-04,-0.76,MAM,1955-04-01
1955-05,-0.78,AMJ,1955-05-01
1955-06,-0.88,MJJ,1955-06-01
1955-07,-0.72,JJA,1955-07-01
1955-08,-0.92,JAS,1955-08-01
1955-09,-1.11,ASO,1955-09-01
1955-10,-1.44,SON,1955-10-01
1955-11,-1.59,OND,1955-11-01
1955-12,-1.51,NDJ,1955-12-01
1956-01,-1.17,DJF,1956-01-01
1956-02,-0.81,JFM,1956-02-01
1956-03,-0.57,FMA,1956-03-01
1956-04,-0.51,MAM,1956-04-01
1956-05,-0.49,AMJ,1956-05-01
1956-06,-0.47,MJJ,1956-06-01
1956-07,-0.55,JJA,1956-07-01
1956-08,-0.52,JAS,1956-08-01
1956-09,-0.43,ASO,1956-09-01
1956-10,-0.39,SON,1956-10-01
1956-11,-0.37,OND,1956-11-01
1956-12,-0.39,NDJ,1956-12-01
1957-01,-0.27,DJF,1957-01-01
1957-02,-0.06,JFM,1957-02-01
1957-03,0.26,FMA,1957-03-01
1957-04,0.63,MAM,1957-04-01
1957-05,0.72,AMJ,1957-05-01
1957-06,0.82,MJJ,1957-06-01
1957-07,0.96,JJA,1957-07-01
1957-08,1.03,JAS,1957-08-01
1957-09,1.12,ASO,1957-09-01
1957-10,1.15,SON,1957-10-01
1957-11,1.39,OND,1957-11-01
1957-12,1.62,NDJ,1957-12-01
1958-01,1.69,DJF,1958-01-01
1958-02,1.59,JFM,1958-02-01
1958-03,1.17,FMA,1958-03-01
1958-04,0.84,MAM,1958-04-01
1958-05,0.57,AMJ,1958-05-01
1958-06,0.49,MJJ,1958-06-01
1958-07,0.43,JJA,1958-07-01
1958-08,0.32,JAS,1958-08-01
1958-09,0.28,ASO,1958-09-01
1958-10,0.3,SON,1958-10-01
1958-11,0.36,OND,1958-11-01
1958-12,0.56,NDJ,1958-12-01
1959-01,0.6,DJF,1959-01-01
1959-02,0.64,JFM,1959-02-01
1959-03,0.48,FMA,1959-03-01
1959-04,0.39,MAM,1959-04-01
1959-05,0.24,AMJ,1959-05-01
1959-06,0.02,MJJ,1959-06-01
1959-07,-0.19,JJA,1959-07-01
1959-08,-0.23,JAS,1959-08-01
1959-09,-0.04,ASO,1959-09-01
1959-10,0.11,SON,1959-10-01
1959-11,0.23,OND,1959-11-01
1959-12,0.14,NDJ,1959-12-01
1960-01,0.02,DJF,1960-01-01
1960-02,0.03,JFM,1960-02-01
1960-03,0.06,FMA,1960-03-01
1960-04,0.17,MAM,1960-04-01
1960-05,0.04,AMJ,1960-05-01
1960-06,0.0,MJJ,1960-06-01
1960-07,0.01,JJA,1960-07-01
1960-08,0.15,JAS,1960-08-01
1960-09,0.19,ASO,1960-09-01
1960-10,0.08,SON,1960-10-01
1960-11,-0.07,OND,1960-11-01
1960-12,-0.07,NDJ,1960-12-01
1961-01,0.0,DJF,1961-01-01
1961-02,0.03,JFM,1961-02-01
1961-03,0.01,FMA,1961-03-01
1961-04,0.05,MAM,1961-04-01
1961-05,0.22,AMJ,1961-05-01
1961-06,0.22,MJJ,1961-06-01
1961-07,0.08,JJA,1961-07-01
1961-08,-0.2,JAS,1961-08-01
1961-09,-0.32,ASO,1961-09-01
1961-10,-0.22,SON,1961-10-01
1961-11,-0.11,OND,1961-11-01
1961-12,-0.05,NDJ,1961-12-01
1962-01,-0.16,DJF,1962-01-01
1962-02,-0.17,JFM,1962-02-01
1962-03,-0.15,FMA,1962-03-01
1962-04,-0.2,MAM,1962-04-01
1962-05,-0.19,AMJ,1962-05-01
1962-06,-0.13,MJJ,1962-06-01
1962-07,0.0,JJA,1962-07-01
1962-08,-0.1,JAS,1962-08-01
1962-09,-0.16,ASO,1962-09-01
1962-10,-0.25,SON,1962-10-01
1962-11,-0.25,OND,1962-11-01
1962-12,-0.32,NDJ,1962-12-01
1963-01,-0.33,DJF,1963-01-01
1963-02,-0.17,JFM,1963-02-01
1963-03,0.01,FMA,1963-03-01
1963-04,0.13,MAM,1963-04-01
1963-05,0.12,AMJ,1963-05-01
1963-06,0.45,MJJ,1963-06-01
1963-07,0.76,JJA,1963-07-01
1963-08,1.09,JAS,1963-08-01
1963-09,1.09,ASO,1963-09-01
1963-10,1.13,SON,1963-10-01
1963-11,1.19,OND,1963-11-01
1963-12,1.13,NDJ,1963-12-01
1964-01,0.95,DJF,1964-01-01
1964-02,0.52,JFM,1964-02-01
1964-03,0.06,FMA,1964-03-01
1964-04,-0.35,MAM,1964-04-01
1964-05,-0.6,AMJ,1964-05-01
1964-06,-0.66,MJJ,1964-06-01
1964-07,-0.67,JJA,1964-07-01
1964-08,-0.7,JAS,1964-08-01
1964-09,-0.72,ASO,1964-09-01
1964-10,-0.8,SON,1964-10-01
1964-11,-0.79,OND,1964-11-01
1964-12,-0.75,NDJ,1964-12-01
1965-01,-0.51,DJF,1965-01-01
1965-02,-0.25,JFM,1965-02-01
1965-03,-0.04,FMA,1965-03-01
1965-04,0.16,MAM,1965-04-01
1965-05,0.47,AMJ,1965-05-01
1965-06,0.79,MJJ,1965-06-01
1965-07,1.1,JJA,1965-07-01
1965-08,1.27,JAS,1965-08-01
1965-09,1.55,ASO,1965-09-01
1965-10,1.7,SON,1965-10-01
1965-11,1.82,OND,1965-11-01
1965-12,1.6,NDJ,1965-12-01
1966-01,1.24,DJF,1966-01-01
1966-02,0.95,JFM,1966-02-01
1966-03,0.76,FMA,1966-03-01
1966-04,0.43,MAM,1966-04-01
1966-05,0.24,AMJ,1966-05-01
1966-06,0.18,MJJ,1966-06-01
1966-07,0.25,JJA,1966-07-01
1966-08,0.13,JAS,1966-08-01
1966-09,-0.09,ASO,1966-09-01
1966-10,-0.12,SON,1966-10-01
1966-11,-0.23,OND,1966-11-01
1966-12,-0.35,NDJ,1966-12-01
1967-01,-0.46,DJF,1967-01-01
1967-02,-0.48,JFM,1967-02-01
1967-03,-0.5,FMA,1967-03-01
1967-04,-0.37,MAM,1967-04-01
1967-05,-0.15,AMJ,1967-05-01
1967-06,0.05,MJJ,1967-06-01
1967-07,-0.02,JJA,1967-07-01
1967-08,-0.26,JAS,1967-08-01
1967-09,-0.4,ASO,1967-09-01
1967-10,-0.4,SON,1967-10-01
1967-11,-0.36,OND,1967-11-01
1967-12,-0.42,NDJ,1967-12-01
1968-01,-0.62,DJF,1968-01-01
1968-02,-0.73,JFM,1968-02-01
1968-03,-0.63,FMA,1968-03-01
1968-04,-0.48,MAM,1968-04-01
1968-05,-0.1,AMJ,1968-05-01
1968-06,0.17,MJJ,1968-06-01
1968-07,0.44,JJA,1968-07-01
1968-08,0.38,JAS,1968-08-01
1968-09,0.34,ASO,1968-09-01
1968-10,0.5,SON,1968-10-01
1968-11,0.66,OND,1968-11-01
1968-12,0.93,NDJ,1968-12-01
1969-01,0.98,DJF,1969-01-01
1969-02,0.98,JFM,1969-02-01
1969-03,0.77,FMA,1969-03-01
1969-04,0.69,MAM,1969-04-01
1969-05,0.62,AMJ,1969-05-01
1969-06,0.48,MJJ,1969-06-01
1969-07,0.37,JJA,1969-07-01
1969-08,0.41,JAS,1969-08-01
1969-09,0.61,ASO,1969-09-01
1969-10,0.71,SON,1969-10-01
1969-11,0.81,OND,1969-11-01
1969-12,0.71,NDJ,1969-12-01
1970-01,0.46,DJF,1970-01-01
1970-02,0.23,JFM,1970-02-01
1970-03,0.23,FMA,1970-03-01
1970-04,0.28,MAM,1970-04-01
1970-05,0.11,AMJ,1970-05-01
1970-06,-0.26,MJJ,1970-06-01
1970-07,-0.55,JJA,1970-07-01
1970-08,-0.72,JAS,1970-08-01
1970-09,-0.69,ASO,1970-09-01
1970-10,-0.72,SON,1970-10-01
1970-11,-0.78,OND,1970-11-01
1970-12,-1.1,NDJ,1970-12-01
1971-01,-1.29,DJF,1971-01-01
1971-02,-1.36,JFM,1971-02-01
1971-03,-1.08,FMA,1971-03-01
1971-04,-0.81,MAM,1971-04-01
1971-05,-0.72,AMJ,1971-05-01
1971-06,-0.69,MJJ,1971-06-01
1971-07,-0.68,JJA,1971-07-01
1971-08,-0.6,JAS,1971-08-01
1971-09,-0.68,ASO,1971-09-01
1971-10,-0.78,SON,1971-10-01
1971-11,-0.86,OND,1971-11-01
1971-12,-0.78,NDJ,1971-12-01
1972-01,-0.57,DJF,1972-01-01
1972-02,-0.27,JFM,1972-02-01
1972-03,0.04,FMA,1972-03-01
1972-04,0.25,MAM,1972-04-01
1972-05,0.48,AMJ,1972-05-01
1972-06,0.7,MJJ,1972-06-01
1972-07,1.0,JJA,1972-07-01
1972-08,1.26,JAS,1972-08-01
1972-09,1.49,ASO,1972-09-01
1972-10,1.69,SON,1972-10-01
1972-11,1.84,OND,1972-11-01
1972-12,1.77,NDJ,1972-12-01
1973-01,1.55,DJF,1973-01-01
1973-02,1.13,JFM,1973-02-01
1973-03,0.56,FMA,1973-03-01
1973-04,-0.03,MAM,1973-04-01
1973-05,-0.51,AMJ,1973-05-01
1973-06,-0.8,MJJ,1973-06-01
1973-07,-0.99,JJA,1973-07-01
1973-08,-1.11,JAS,1973-08-01
1973-09,-1.26,ASO,1973-09-01
1973-10,-1.58,SON,1973-10-01
1973-11,-1.89,OND,1973-11-01
1973-12,-2.04,NDJ,1973-12-01
1974-01,-1.87,DJF,1974-01-01
1974-02,-1.59,JFM,1974-02-01
1974-03,-1.24,FMA,1974-03-01
1974-04,-0.99,MAM,1974-04-01
1974-05,-0.71,AMJ,1974-05-01
1974-06,-0.64,MJJ,1974-06-01
1974-07,-0.46,JJA,1974-07-01
1974-08,-0.4,JAS,1974-08-01
1974-09,-0.47,ASO,1974-09-01
1974-10,-0.69,SON,1974-10-01
1974-11,-0.88,OND,1974-11-01
1974-12,-0.71,NDJ,1974-12-01
1975-01,-0.56,DJF,1975-01-01
1975-02,-0.55,JFM,1975-02-01
1975-03,-0.61,FMA,1975-03-01
1975-04,-0.66,MAM,1975-04-01
1975-05,-0.8,AMJ,1975-05-01
1975-06,-0.92,MJJ,1975-06-01
1975-07,-1.08,JJA,1975-07-01
1975-08,-1.12,JAS,1975-08-01
1975-09,-1.29,ASO,1975-09-01
1975-10,-1.32,SON,1975-10-01
1975-11,-1.47,OND,1975-11-01
1975-12,-1.58,NDJ,1975-12-01
1976-01,-1.49,DJF,1976-01-01
1976-02,-1.11,JFM,1976-02-01
1976-03,-0.65,FMA,1976-03-01
1976-04,-0.45,MAM,1976-04-01
1976-05,-0.23,AMJ,1976-05-01
1976-06,0.0,MJJ,1976-06-01
1976-07,0.23,JJA,1976-07-01
1976-08,0.4,JAS,1976-08-01
1976-09,0.6,ASO,1976-09-01
1976-10,0.79,SON,1976-10-01
1976-11,0.81,OND,1976-11-01
1976-12,0.84,NDJ,1976-12-01
1977-01,0.71,DJF,1977-01-01
1977-02,0.66,JFM,1977-02-01
1977-03,0.33,FMA,1977-03-01
1977-04,0.26,MAM,1977-04-01
1977-05,0.26,AMJ,1977-05-01
1977-06,0.46,MJJ,1977-06-01
1977-07,0.39,JJA,1977-07-01
1977-08,0.35,JAS,1977-08-01
1977-09,0.45,ASO,1977-09-01
1977-10,0.68,SON,1977-10-01
1977-11,0.84,OND,1977-11-01
1977-12,0.82,NDJ,1977-12-01
1978-01,0.71,DJF,1978-01-01
1978-02,0.52,JFM,1978-02-01
1978-03,0.17,FMA,1978-03-01
1978-04,-0.06,MAM,1978-04-01
1978-05,-0.28,AMJ,1978-05-01
1978-06,-0.24,MJJ,1978-06-01
1978-07,-0.37,JJA,1978-07-01
1978-08,-0.37,JAS,1978-08-01
1978-09,-0.44,ASO,1978-09-01
1978-10,-0.27,SON,1978-10-01
1978-11,-0.07,OND,1978-11-01
1978-12,0.11,NDJ,1978-12-01
1979-01,0.19,DJF,1979-01-01
1979-02,0.21,JFM,1979-02-01
1979-03,0.29,FMA,1979-03-01
1979-04,0.32,MAM,1979-04-01
1979-05,0.29,AMJ,1979-05-01
1979-06,0.14,MJJ,1979-06-01
1979-07,0.09,JJA,1979-07-01
1979-08,0.22,JAS,1979-08-01
1979-09,0.34,ASO,1979-09-01
1979-10,0.47,SON,1979-10-01
1979-11,0.5,OND,1979-11-01
1979-12,0.64,NDJ,1979-12-01
1980-01,0.62,DJF,1980-01-01
1980-02,0.47,JFM,1980-02-01
1980-03,0.35,FMA,1980-03-01
1980-04,0.34,MAM,1980-04-01
1980-05,0.45,AMJ,1980-05-01
1980-06,0.4,MJJ,1980-06-01
1980-07,0.18,JJA,1980-07-01
1980-08,-0.06,JAS,1980-08-01
1980-09,-0.17,ASO,1980-09-01
1980-10,-0.07,SON,1980-10-01
1980-11,0.08,OND,1980-11-01
1980-12,-0.05,NDJ,1980-12-01
1981-01,-0.27,DJF,1981-01-01
1981-02,-0.42,JFM,1981-02-01
1981-03,-0.41,FMA,1981-03-01
1981-04,-0.27,MAM,1981-04-01
1981-05,-0.28,AMJ,1981-05-01
1981-06,-0.27,MJJ,1981-06-01
1981-07,-0.28,JJA,1981-07-01
1981-08,-0.23,JAS,1981-08-01
1981-09,-0.08,ASO,1981-09-01
1981-10,-0.16,SON,1981-10-01
1981-11,-0.19,OND,1981-11-01
1981-12,-0.14,NDJ,1981-12-01
1982-01,-0.05,DJF,1982-01-01
1982-02,0.02,JFM,1982-02-01
1982-03,0.07,FMA,1982-03-01
1982-04,0.34,MAM,1982-04-01
1982-05,0.65,AMJ,1982-05-01
1982-06,0.73,MJJ,1982-06-01
1982-07,0.78,JJA,1982-07-01
1982-08,0.99,JAS,1982-08-01
1982-09,1.45,ASO,1982-09-01
1982-10,1.82,SON,1982-10-01
1982-11,2.03,OND,1982-11-01
1982-12,2.12,NDJ,1982-12-01
1983-01,2.14,DJF,1983-01-01
1983-02,1.91,JFM,1983-02-01
1983-03,1.52,FMA,1983-03-01
1983-04,1.23,MAM,1983-04-01
1983-05,0.95,AMJ,1983-05-01
1983-06,0.62,MJJ,1983-06-01
1983-07,0.25,JJA,1983-07-01
1983-08,-0.06,JAS,1983-08-01
1983-09,-0.43,ASO,1983-09-01
1983-10,-0.76,SON,1983-10-01
1983-11,-0.96,OND,1983-11-01
1983-12,-0.89,NDJ,1983-12-01
1984-01,-0.63,DJF,1984-01-01
1984-02,-0.51,JFM,1984-02-01
1984-03,-0.38,FMA,1984-03-01
1984-04,-0.47,MAM,1984-04-01
1984-05,-0.55,AMJ,1984-05-01
1984-06,-0.52,MJJ,1984-06-01
1984-07,-0.39,JJA,1984-07-01
1984-08,-0.22,JAS,1984-08-01
1984-09,-0.32,ASO,1984-09-01
1984-10,-0.62,SON,1984-10-01
1984-11,-0.95,OND,1984-11-01
1984-12,-1.06,NDJ,1984-12-01
1985-01,-1.01,DJF,1985-01-01
1985-02,-0.86,JFM,1985-02-01
1985-03,-0.85,FMA,1985-03-01
1985-04,-0.8,MAM,1985-04-01
1985-05,-0.79,AMJ,1985-05-01
1985-06,-0.6,MJJ,1985-06-01
1985-07,-0.44,JJA,1985-07-01
1985-08,-0.33,JAS,1985-08-01
1985-09,-0.31,ASO,1985-09-01
1985-10,-0.3,SON,1985-10-01
1985-11,-0.28,OND,1985-11-01
1985-12,-0.36,NDJ,1985-12-01
1986-01,-0.4,DJF,1986-01-01
1986-02,-0.38,JFM,1986-02-01
1986-03,-0.25,FMA,1986-03-01
1986-04,-0.17,MAM,1986-04-01
1986-05,-0.09,AMJ,1986-05-01
1986-06,0.02,MJJ,1986-06-01
1986-07,0.24,JJA,1986-07-01
1986-08,0.46,JAS,1986-08-01
1986-09,0.64,ASO,1986-09-01
1986-10,0.86,SON,1986-10-01
1986-11,1.06,OND,1986-11-01
1986-12,1.21,NDJ,1986-12-01
1987-01,1.18,DJF,1987-01-01
1987-02,1.13,JFM,1987-02-01
1987-03,1.02,FMA,1987-03-01
1987-04,0.94,MAM,1987-04-01
1987-05,0.95,AMJ,1987-05-01
1987-06,1.11,MJJ,1987-06-01
1987-07,1.3,JJA,1987-07-01
1987-08,1.46,JAS,1987-08-01
1987-09,1.49,ASO,1987-09-01
1987-10,1.41,SON,1987-10-01
1987-11,1.2,OND,1987-11-01
1987-12,1.0,NDJ,1987-12-01
1988-01,0.63,DJF,1988-01-01
1988-02,0.37,JFM,1988-02-01
1988-03,-0.03,FMA,1988-03-01
1988-04,-0.45,MAM,1988-04-01
1988-05,-0.99,AMJ,1988-05-01
1988-06,-1.3,MJJ,1988-06-01
1988-07,-1.3,JJA,1988-07-01
1988-08,-1.14,JAS,1988-08-01
1988-09,-1.27,ASO,1988-09-01
1988-10,-1.54,SON,1988-10-01
1988-11,-1.81,OND,1988-11-01
1988-12,-1.85,NDJ,1988-12-01
1989-01,-1.64,DJF,1989-01-01
1989-02,-1.38,JFM,1989-02-01
1989-03,-1.09,FMA,1989-03-01
1989-04,-0.85,MAM,1989-04-01
1989-05,-0.61,AMJ,1989-05-01
1989-06,-0.4,MJJ,1989-06-01
1989-07,-0.37,JJA,1989-07-01
1989-08,-0.36,JAS,1989-08-01
1989-09,-0.33,ASO,1989-09-01
1989-10,-0.25,SON,1989-10-01
1989-11,-0.12,OND,1989-11-01
1989-12,-0.04,NDJ,1989-12-01
1990-01,0.18,DJF,1990-01-01
1990-02,0.19,JFM,1990-02-01
1990-03,0.3,FMA,1990-03-01
1990-04,0.27,MAM,1990-04-01
1990-05,0.25,AMJ,1990-05-01
1990-06,0.25,MJJ,1990-06-01
1990-07,0.26,JJA,1990-07-01
1990-08,0.32,JAS,1990-08-01
1990-09,0.31,ASO,1990-09-01
1990-10,0.27,SON,1990-10-01
1990-11,0.31,OND,1990-11-01
1990-12,0.34,NDJ,1990-12-01
1991-01,0.35,DJF,1991-01-01
1991-02,0.26,JFM,1991-02-01
1991-03,0.23,FMA,1991-03-01
1991-04,0.29,MAM,1991-04-01
1991-05,0.49,AMJ,1991-05-01
1991-06,0.63,MJJ,1991-06-01
1991-07,0.77,JJA,1991-07-01
1991-08,0.67,JAS,1991-08-01
1991-09,0.72,ASO,1991-09-01
1991-10,0.83,SON,1991-10-01
1991-11,1.18,OND,1991-11-01
1991-12,1.43,NDJ,1991-12-01
1992-01,1.54,DJF,1992-01-01
1992-02,1.5,JFM,1992-02-01
1992-03,1.4,FMA,1992-03-01
1992-04,1.3,MAM,1992-04-01
1992-05,1.08,AMJ,1992-05-01
1992-06,0.72,MJJ,1992-06-01
1992-07,0.35,JJA,1992-07-01
1992-08,0.08,JAS,1992-08-01
1992-09,-0.15,ASO,1992-09-01
1992-10,-0.22,SON,1992-10-01
1992-11,-0.24,OND,1992-11-01
1992-12,-0.05,NDJ,1992-12-01
1993-01,0.13,DJF,1993-01-01
1993-02,0.31,JFM,1993-02-01
1993-03,0.5,FMA,1993-03-01
1993-04,0.73,MAM,1993-04-01
1993-05,0.76,AMJ,1993-05-01
1993-06,0.56,MJJ,1993-06-01
1993-07,0.28,JJA,1993-07-01
1993-08,0.22,JAS,1993-08-01
1993-09,0.2,ASO,1993-09-01
1993-10,0.2,SON,1993-10-01
1993-11,0.2,OND,1993-11-01
1993-12,0.19,NDJ,1993-12-01
1994-01,0.07,DJF,1994-01-01
1994-02,0.0,JFM,1994-02-01
1994-03,0.04,FMA,1994-03-01
1994-04,0.17,MAM,1994-04-01
1994-05,0.25,AMJ,1994-05-01
1994-06,0.23,MJJ,1994-06-01
1994-07,0.3,JJA,1994-07-01
1994-08,0.3,JAS,1994-08-01
1994-09,0.47,ASO,1994-09-01
1994-10,0.66,SON,1994-10-01
1994-11,0.93,OND,1994-11-01
1994-12,0.97,NDJ,1994-12-01
1995-01,0.88,DJF,1995-01-01
1995-02,0.65,JFM,1995-02-01
1995-03,0.46,FMA,1995-03-01
1995-04,0.19,MAM,1995-04-01
1995-05,0.03,AMJ,1995-05-01
1995-06,-0.11,MJJ,1995-06-01
1995-07,-0.3,JJA,1995-07-01
1995-08,-0.55,JAS,1995-08-01
1995-09,-0.81,ASO,1995-09-01
1995-10,-0.97,SON,1995-10-01
1995-11,-1.05,OND,1995-11-01
1995-12,-1.01,NDJ,1995-12-01
1996-01,-0.88,DJF,1996-01-01
1996-02,-0.7,JFM,1996-02-01
1996-03,-0.52,FMA,1996-03-01
1996-04,-0.36,MAM,1996-04-01
1996-05,-0.25,AMJ,1996-05-01
1996-06,-0.24,MJJ,1996-06-01
1996-07,-0.22,JJA,1996-07-01
1996-08,-0.27,JAS,1996-08-01
1996-09,-0.3,ASO,1996-09-01
1996-10,-0.33,SON,1996-10-01
1996-11,-0.39,OND,1996-11-01
1996-12,-0.41,NDJ,1996-12-01
1997-01,-0.41,DJF,1997-01-01
1997-02,-0.26,JFM,1997-02-01
1997-03,-0.03,FMA,1997-03-01
1997-04,0.3,MAM,1997-04-01
1997-05,0.71,AMJ,1997-05-01
1997-06,1.13,MJJ,1997-06-01
1997-07,1.48,JJA,1997-07-01
1997-08,1.79,JAS,1997-08-01
1997-09,2.04,ASO,1997-09-01
1997-10,2.24,SON,1997-10-01
1997-11,2.34,OND,1997-11-01
1997-12,2.37,NDJ,1997-12-01
1998-01,2.22,DJF,1998-01-01
1998-02,1.91,JFM,1998-02-01
1998-03,1.4,FMA,1998-03-01
1998-04,1.03,MAM,1998-04-01
1998-05,0.4,AMJ,1998-05-01
1998-06,-0.08,MJJ,1998-06-01
1998-07,-0.63,JJA,1998-07-01
1998-08,-0.83,JAS,1998-08-01
1998-09,-1.02,ASO,1998-09-01
1998-10,-1.12,SON,1998-10-01
1998-11,-1.31,OND,1998-11-01
1998-12,-1.47,NDJ,1998-12-01
1999-01,-1.51,DJF,1999-01-01
1999-02,-1.25,JFM,1999-02-01
1999-03,-0.93,FMA,1999-03-01
1999-04,-0.8,MAM,1999-04-01
1999-05,-0.79,AMJ,1999-05-01
1999-06,-0.84,MJJ,1999-06-01
1999-07,-0.9,JJA,1999-07-01
1999-08,-0.94,JAS,1999-08-01
1999-09,-1.0,ASO,1999-09-01
1999-10,-1.13,SON,1999-10-01
1999-11,-1.35,OND,1999-11-01
1999-12,-1.53,NDJ,1999-12-01
2000-01,-1.47,DJF,2000-01-01
2000-02,-1.26,JFM,2000-02-01
2000-03,-0.98,FMA,2000-03-01
2000-04,-0.81,MAM,2000-04-01
2000-05,-0.67,AMJ,2000-05-01
2000-06,-0.62,MJJ,2000-06-01
2000-07,-0.48,JJA,2000-07-01
2000-08,-0.4,JAS,2000-08-01
2000-09,-0.42,ASO,2000-09-01
2000-10,-0.54,SON,2000-10-01
2000-11,-0.76,OND,2000-11-01
2000-12,-0.78,NDJ,2000-12-01
2001-01,-0.76,DJF,2001-01-01
2001-02,-0.54,JFM,2001-02-01
2001-03,-0.43,FMA,2001-03-01
2001-04,-0.29,MAM,2001-04-01
2001-05,-0.19,AMJ,2001-05-01
2001-06,-0.08,MJJ,2001-06-01
2001-07,-0.05,JJA,2001-07-01
2001-08,-0.13,JAS,2001-08-01
2001-09,-0.15,ASO,2001-09-01
2001-10,-0.26,SON,2001-10-01
2001-11,-0.33,OND,2001-11-01
2001-12,-0.32,NDJ,2001-12-01
2002-01,-0.15,DJF,2002-01-01
2002-02,0.07,JFM,2002-02-01
2002-03,0.11,FMA,2002-03-01
2002-04,0.15,MAM,2002-04-01
2002-05,0.3,AMJ,2002-05-01
2002-06,0.45,MJJ,2002-06-01
2002-07,0.57,JJA,2002-07-01
2002-08,0.63,JAS,2002-08-01
2002-09,0.78,ASO,2002-09-01
2002-10,0.99,SON,2002-10-01
2002-11,1.19,OND,2002-11-01
2002-12,1.08,NDJ,2002-12-01
2003-01,0.9,DJF,2003-01-01
2003-02,0.59,JFM,2003-02-01
2003-03,0.38,FMA,2003-03-01
2003-04,-0.01,MAM,2003-04-01
2003-05,-0.18,AMJ,2003-05-01
2003-06,-0.13,MJJ,2003-06-01
2003-07,0.09,JJA,2003-07-01
2003-08,0.14,JAS,2003-08-01
2003-09,0.23,ASO,2003-09-01
2003-10,0.23,SON,2003-10-01
2003-11,0.29,OND,2003-11-01
2003-12,0.29,NDJ,2003-12-01
2004-01,0.34,DJF,2004-01-01
2004-02,0.27,JFM,2004-02-01
2004-03,0.19,FMA,2004-03-01
2004-04,0.1,MAM,2004-04-01
2004-05,0.12,AMJ,2004-05-01
2004-06,0.22,MJJ,2004-06-01
2004-07,0.39,JJA,2004-07-01
2004-08,0.54,JAS,2004-08-01
2004-09,0.58,ASO,2004-09-01
2004-10,0.61,SON,2004-10-01
2004-11,0.64,OND,2004-11-01
2004-12,0.71,NDJ,2004-12-01
2005-01,0.62,DJF,2005-01-01
2005-02,0.55,JFM,2005-02-01
2005-03,0.4,FMA,2005-03-01
2005-04,0.37,MAM,2005-04-01
2005-05,0.27,AMJ,2005-05-01
2005-06,0.09,MJJ,2005-06-01
2005-07,-0.04,JJA,2005-07-01
2005-08,-0.14,JAS,2005-08-01
2005-09,-0.11,ASO,2005-09-01
2005-10,-0.27,SON,2005-10-01
2005-11,-0.57,OND,2005-11-01
2005-12,-0.82,NDJ,2005-12-01
2006-01,-0.86,DJF,2006-01-01
2006-02,-0.8,JFM,2006-02-01
2006-03,-0.63,FMA,2006-03-01
2006-04,-0.45,MAM,2006-04-01
2006-05,-0.19,AMJ,2006-05-01
2006-06,-0.05,MJJ,2006-06-01
2006-07,0.12,JJA,2006-07-01
2006-08,0.33,JAS,2006-08-01
2006-09,0.54,ASO,2006-09-01
2006-10,0.71,SON,2006-10-01
2006-11,0.88,OND,2006-11-01
2006-12,0.88,NDJ,2006-12-01
2007-01,0.62,DJF,2007-01-01
2007-02,0.19,JFM,2007-02-01
2007-03,-0.12,FMA,2007-03-01
2007-04,-0.32,MAM,2007-04-01
2007-05,-0.34,AMJ,2007-05-01
2007-06,-0.41,MJJ,2007-06-01
2007-07,-0.49,JJA,2007-07-01
2007-08,-0.77,JAS,2007-08-01
2007-09,-1.05,ASO,2007-09-01
2007-10,-1.38,SON,2007-10-01
2007-11,-1.57,OND,2007-11-01
2007-12,-1.72,NDJ,2007-12-01
2008-01,-1.76,DJF,2008-01-01
2008-02,-1.61,JFM,2008-02-01
2008-03,-1.37,FMA,2008-03-01
2008-04,-1.05,MAM,2008-04-01
2008-05,-0.85,AMJ,2008-05-01
2008-06,-0.56,MJJ,2008-06-01
2008-07,-0.33,JJA,2008-07-01
2008-08,-0.2,JAS,2008-08-01
2008-09,-0.25,ASO,2008-09-01
2008-10,-0.36,SON,2008-10-01
2008-11,-0.57,OND,2008-11-01
2008-12,-0.79,NDJ,2008-12-01
2009-01,-0.89,DJF,2009-01-01
2009-02,-0.84,JFM,2009-02-01
2009-03,-0.63,FMA,2009-03-01
2009-04,-0.35,MAM,2009-04-01
2009-05,0.03,AMJ,2009-05-01
2009-06,0.34,MJJ,2009-06-01
2009-07,0.5,JJA,2009-07-01
2009-08,0.56,JAS,2009-08-01
2009-09,0.66,ASO,2009-09-01
2009-10,0.92,SON,2009-10-01
2009-11,1.31,OND,2009-11-01
2009-12,1.5,NDJ,2009-12-01
2010-01,1.47,DJF,2010-01-01
2010-02,1.21,JFM,2010-02-01
2010-03,0.88,FMA,2010-03-01
2010-04,0.38,MAM,2010-04-01
2010-05,-0.16,AMJ,2010-05-01
2010-06,-0.66,MJJ,2010-06-01
2010-07,-0.98,JJA,2010-07-01
2010-08,-1.24,JAS,2010-08-01
2010-09,-1.43,ASO,2010-09-01
2010-10,-1.54,SON,2010-10-01
2010-11,-1.57,OND,2010-11-01
2010-12,-1.48,NDJ,2010-12-01
2011-01,-1.29,DJF,2011-01-01
2011-02,-1.06,JFM,2011-02-01
2011-03,-0.85,FMA,2011-03-01
2011-04,-0.68,MAM,2011-04-01
2011-05,-0.5,AMJ,2011-05-01
2011-06,-0.34,MJJ,2011-06-01
2011-07,-0.37,JJA,2011-07-01
2011-08,-0.5,JAS,2011-08-01
2011-09,-0.76,ASO,2011-09-01
2011-10,-0.94,SON,2011-10-01
2011-11,-1.02,OND,2011-11-01
2011-12,-0.92,NDJ,2011-12-01
2012-01,-0.71,DJF,2012-01-01
2012-02,-0.56,JFM,2012-02-01
2012-03,-0.44,FMA,2012-03-01
2012-04,-0.35,MAM,2012-04-01
2012-05,-0.18,AMJ,2012-05-01
2012-06,0.03,MJJ,2012-06-01
2012-07,0.28,JJA,2012-07-01
2012-08,0.39,JAS,2012-08-01
2012-09,0.37,ASO,2012-09-01
2012-10,0.28,SON,2012-10-01
2012-11,0.13,OND,2012-11-01
2012-12,-0.03,NDJ,2012-12-01
2013-01,-0.24,DJF,2013-01-01
2013-02,-0.28,JFM,2013-02-01
2013-03,-0.23,FMA,2013-03-01
2013-04,-0.2,MAM,2013-04-01
2013-05,-0.3,AMJ,2013-05-01
2013-06,-0.38,MJJ,2013-06-01
2013-07,-0.45,JJA,2013-07-01
2013-08,-0.34,JAS,2013-08-01
2013-09,-0.32,ASO,2013-09-01
2013-10,-0.14,SON,2013-10-01
2013-11,-0.12,OND,2013-11-01
2013-12,-0.11,NDJ,2013-12-01
2014-01,-0.24,DJF,2014-01-01
2014-02,-0.21,JFM,2014-02-01
2014-03,-0.02,FMA,2014-03-01
2014-04,0.25,MAM,2014-04-01
2014-05,0.35,AMJ,2014-05-01
2014-06,0.22,MJJ,2014-06-01
2014-07,0.07,JJA,2014-07-01
2014-08,0.07,JAS,2014-08-01
2014-09,0.24,ASO,2014-09-01
2014-10,0.51,SON,2014-10-01
2014-11,0.7,OND,2014-11-01
2014-12,0.8,NDJ,2014-12-01
2015-01,0.73,DJF,2015-01-01
2015-02,0.65,JFM,2015-02-01
2015-03,0.72,FMA,2015-03-01
2015-04,0.86,MAM,2015-04-01
2015-05,1.04,AMJ,2015-05-01
2015-06,1.19,MJJ,2015-06-01
2015-07,1.44,JJA,2015-07-01
2015-08,1.73,JAS,2015-08-01
2015-09,2.02,ASO,2015-09-01
2015-10,2.28,SON,2015-10-01
2015-11,2.45,OND,2015-11-01
2015-12,2.59,NDJ,2015-12-01
2016-01,2.5,DJF,2016-01-01
2016-02,2.21,JFM,2016-02-01
2016-03,1.69,FMA,2016-03-01
2016-04,1.11,MAM,2016-04-01
2016-05,0.57,AMJ,2016-05-01
2016-06,0.09,MJJ,2016-06-01
2016-07,-0.19,JJA,2016-07-01
2016-08,-0.34,JAS,2016-08-01
2016-09,-0.42,ASO,2016-09-01
2016-10,-0.51,SON,2016-10-01
2016-11,-0.49,OND,2016-11-01
2016-12,-0.37,NDJ,2016-12-01
2017-01,-0.08,DJF,2017-01-01
2017-02,0.08,JFM,2017-02-01
2017-03,0.27,FMA,2017-03-01
2017-04,0.32,MAM,2017-04-01
2017-05,0.35,AMJ,2017-05-01
2017-06,0.32,MJJ,2017-06-01
2017-07,0.14,JJA,2017-07-01
2017-08,-0.07,JAS,2017-08-01
2017-09,-0.23,ASO,2017-09-01
2017-10,-0.44,SON,2017-10-01
2017-11,-0.61,OND,2017-11-01
2017-12,-0.76,NDJ,2017-12-01
2018-01,-0.71,DJF,2018-01-01
2018-02,-0.67,JFM,2018-02-01
2018-03,-0.55,FMA,2018-03-01
2018-04,-0.35,MAM,2018-04-01
2018-05,-0.07,AMJ,2018-05-01
2018-06,0.13,MJJ,2018-06-01
2018-07,0.2,JJA,2018-07-01
2018-08,0.3,JAS,2018-08-01
2018-09,0.52,ASO,2018-09-01
2018-10,0.82,SON,2018-10-01
2018-11,1.04,OND,2018-11-01
2018-12,1.05,NDJ,2018-12-01
2019-01,0.99,DJF,2019-01-01
2019-02,0.94,JFM,2019-02-01
2019-03,0.87,FMA,2019-03-01
2019-04,0.82,MAM,2019-04-01
2019-05,0.71,AMJ,2019-05-01
2019-06,0.59,MJJ,2019-06-01
2019-07,0.38,JJA,2019-07-01
2019-08,0.2,JAS,2019-08-01
2019-09,0.31,ASO,2019-09-01
2019-10,0.51,SON,2019-10-01
2019-11,0.72,OND,2019-11-01
2019-12,0.75,NDJ,2019-12-01
2020-01,0.71,DJF,2020-01-01
2020-02,0.66,JFM,2020-02-01
2020-03,0.57,FMA,2020-03-01
2020-04,0.33,MAM,2020-04-01
2020-05,0.04,AMJ,2020-05-01
2020-06,-0.18,MJJ,2020-06-01
2020-07,-0.29,JJA,2020-07-01
2020-08,-0.43,JAS,2020-08-01
2020-09,-0.77,ASO,2020-09-01
2020-10,-1.0,SON,2020-10-01
2020-11,-1.11,OND,2020-11-01
2020-12,-1.06,NDJ,2020-12-01
2021-01,-0.99,DJF,2021-01-01
2021-02,-0.85,JFM,2021-02-01
2021-03,-0.74,FMA,2021-03-01
2021-04,-0.56,MAM,2021-04-01
2021-05,-0.4,AMJ,2021-05-01
2021-06,-0.31,MJJ,2021-06-01
2021-07,-0.35,JJA,2021-07-01
2021-08,-0.46,JAS,2021-08-01
2021-09,-0.64,ASO,2021-09-01
2021-10,-0.77,SON,2021-10-01
2021-11,-0.91,OND,2021-11-01
2021-12,-0.83,NDJ,2021-12-01
2022-01,-0.76,DJF,2022-01-01
2022-02,-0.68,JFM,2022-02-01
2022-03,-0.77,FMA,2022-03-01
2022-04,-0.86,MAM,2022-04-01
2022-05,-0.83,AMJ,2022-05-01
2022-06,-0.73,MJJ,2022-06-01
2022-07,-0.7,JJA,2022-07-01
2022-08,-0.78,JAS,2022-08-01
2022-09,-0.87,ASO,2022-09-01
2022-10,-0.89,SON,2022-10-01
2022-11,-0.82,OND,2022-11-01
2022-12,-0.7,NDJ,2022-12-01
2023-01,-0.55,DJF,2023-01-01
2023-02,-0.33,JFM,2023-02-01
2023-03,-0.11,FMA,2023-03-01
2023-04,0.19,MAM,2023-04-01
2023-05,0.46,AMJ,2023-05-01
2023-06,0.73,MJJ,2023-06-01
2023-07,1.0,JJA,2023-07-01
2023-08,1.25,JAS,2023-08-01
2023-09,1.5,ASO,2023-09-01
2023-10,1.74,SON,2023-10-01
2023-11,1.9,OND,2023-11-01
2023-12,1.99,NDJ,2023-12-01
2024-01,1.84,DJF,2024-01-01
2024-02,1.53,JFM,2024-02-01
2024-03,1.18,FMA,2024-03-01
2024-04,0.77,MAM,2024-04-01
2024-05,0.43,AMJ,2024-05-01
2024-06,0.18,MJJ,2024-06-01
2024-07,0.06,JJA,2024-07-01
2024-08,-0.04,JAS,2024-08-01
2024-09,-0.12,ASO,2024-09-01
2024-10,-0.19,SON,2024-10-01
2024-11,-0.29,OND,2024-11-01
2024-12,-0.43,NDJ,2024-12-01
2025-01,-0.46,DJF,2025-01-01
2025-02,-0.22,JFM,2025-02-01
2025-03,-0.08,FMA,2025-03-01
2025-04,0.02,MAM,2025-04-01
2025-05,-0.04,AMJ,2025-05-01
2025-06,-0.02,MJJ,2025-06-01
2025-07,-0.11,JJA,2025-07-01
2025-08,-0.26,JAS,2025-08-01
2025-09,-0.43,ASO,2025-09-01
2025-10,-0.57,SON,2025-10-01
2025-11,-0.61,OND,2025-11-01
2025-12,-0.6,NDJ,2025-12-01
2026-01,-0.39,DJF,2026-01-01
2026-02,-0.21,JFM,2026-02-01
2026-03,0.11,FMA,2026-03-01
2026-04,0.46,MAM,2026-04-01
2026-05,0.95,AMJ,2026-05-01
2026-06,1.39,MJJ,2026-06-01
2026-07,1.8,JJA,2026-07-01
