Mes,Demanda_MW,DemaMax_MW,DemaMaxProm_MW,CEN_MW,Costo_Marginal_COP_kWh
2016-01,7424.859536411291,9826.0,9115.935483870968,16420.018,541.0513066397849
2016-02,7778.749448261494,9868.0,9471.206896551725,16420.018,652.6745045114942
2016-03,7387.248820120968,9722.0,8918.903225806453,16469.57929032258,787.8987569489246
2016-04,7376.273575416667,9426.0,8932.1,16509.244666666666,315.9222515416667
2016-05,7354.787539650538,9780.0,8965.637967741935,16514.288967741933,116.47734322580645
2016-06,7391.849726472223,9578.0,8960.710433333334,16515.824666666667,139.42127031944443
2016-07,7266.164868776881,9677.0,9015.322580645161,16392.145419354838,114.36507521505376
2016-08,7640.542181317203,9707.0,9259.560516129031,16540.068,184.93322747311828
2016-09,7580.406323263889,9783.0,9303.033333333335,16529.224333333335,125.56091772222221
2016-10,7406.18922766129,9693.0,9076.896225806453,16529.538,166.25111086021505
2016-11,7437.786941750001,9815.0,9333.566666666666,16529.538,152.33442269444444
2016-12,7352.99686266129,9904.0,9095.225806451614,16551.598645161288,102.1843418951613
2017-01,7188.600223051075,9641.0,9095.193548387097,16594.518,99.35989967741936
2017-02,7603.7381532291665,9811.0,9320.5,16594.718,142.35071398809524
2017-03,7426.445250658601,9554.0,9155.483870967742,16632.330903225804,106.4120998108108
2017-04,7440.8048122361115,9751.0,9109.033333333335,16662.548,83.1554914861111
2017-05,7529.500085026882,9741.0,9188.903225806453,16698.090258064516,62.86036807795699
2017-06,7504.183078291667,9702.0,9110.633333333333,16698.671333333335,59.17543118055555
2017-07,7493.394542204301,9679.0,9135.258064516129,16696.638,64.14953258064516
2017-08,7646.112532836022,9876.0,9316.41935483871,16696.205741935482,86.23700897849463
2017-09,7690.4481234722225,9829.0,9376.9,16704.118,114.02475591666666
2017-10,7591.536010282258,9991.0,9280.903225806453,16738.11541935484,123.15192099462365
2017-11,7627.935082791667,9907.0,9385.0,16744.771333333334,111.68511797222222
2017-12,7519.292457137097,9996.0,9182.161290322581,16756.669612903228,90.9955122983871
2018-01,7437.334243696237,9818.0,9148.354838709676,16765.564129032256,117.08850900537634
2018-02,7667.241427589286,9822.0,9356.785714285714,16798.51228571429,123.73629925595237
2018-03,7666.444153521506,9981.0,9277.41935483871,16809.36412903226,162.28200487903226
2018-04,7674.125907652779,9786.0,9286.0,16853.911333333333,99.75654701388889
2018-05,7688.032803803763,9802.0,9306.418258064516,16592.30348387097,63.29921504032258
2018-06,7792.936794277778,9961.0,9319.0775,16577.468,64.88404859722222
2018-07,7826.5898155107525,9905.0,9419.451612903225,16588.463483870968,65.49351614247313
2018-08,7968.52836280914,10026.0,9570.870967741934,16701.653161290324,68.4578747983871
2018-09,7948.996547305556,10100.0,9622.4,16903.304,80.623813375
2018-10,7935.5801950000005,10011.0,9520.335806451612,17213.928,100.26447536290321
2018-11,8007.796592125,10073.0,9663.633333333333,17220.398,89.33106720833334
2018-12,7786.2540972849465,10190.0,9421.935483870968,17323.36348387097,177.83084188172046
2019-01,7741.672779099462,9973.0,9393.290322580644,17324.624774193548,256.01322485215053
2019-02,8092.790152589286,10184.783,9736.13682142857,17327.940857142858,273.83184523809524
2019-03,7994.862154704301,10082.0,9570.872774193547,17333.86219354839,241.8266129032258
2019-04,7990.593374652778,10073.0,9544.766666666666,17337.088,158.09305555555557
2019-05,8098.188795981183,10197.421,9671.214903225806,17337.088,147.36155913978496
2019-06,8054.373992236111,10228.478,9577.384199999999,17348.421333333332,93.67777777777778
2019-07,8142.033716250001,10229.003,9727.616935483871,17354.029935483868,98.31586021505376
2019-08,8280.800481962366,10410.114,9843.492516129032,17360.04412903226,111.71370967741936
2019-09,8281.376745902777,10641.725,9910.8585,17368.261333333332,264.34583333333336
2019-10,8078.510683306452,10277.33,9710.387870967743,17423.679612903226,295.2083333333333
2019-11,8190.6881513749995,10540.619,9846.405866666668,17462.23064,199.97930169444444
2019-12,8223.538517930108,10536.45,9798.022677419354,17458.02999354839,279.00526241935484
2020-01,8109.603466075269,10429.78,9859.886774193548,17500.74679032258,288.1434009139785
2020-02,8491.128709640805,10538.876,10054.588103448275,17509.834596551726,407.84319007183905
2020-03,7950.832198790322,10511.692,9539.897161290324,17528.324154838712,308.95893713709677
2020-04,7111.141210444444,9055.859,8663.864800000001,17529.1328,218.71753506944447
2020-05,7475.323108225806,9367.402,8904.999387096774,17517.574735483875,320.3104090860215
2020-06,7597.70691975,9555.864,9041.457699999999,17512.499466666664,267.99649766666664
2020-07,7817.3223214381715,10133.01,9331.663741935485,17492.17150967742,129.40642967741934
2020-08,7913.872652889785,9876.255,9376.40364516129,17481.719896774193,136.57113412634408
2020-09,8060.082396222222,10023.859,9581.749233333332,17597.6872,124.3492669861111
2020-10,8129.0742964381725,10190.813,9655.058870967741,17586.845832258066,150.25531599462366
2020-11,8292.892008652778,10191.891,9656.114099999999,17603.308733333335,149.15750608333335
2020-12,8130.602238750001,10300.089,9660.545870967742,17483.395816129036,146.3351858467742
2021-01,7865.331513817204,10019.349,9457.240032258065,17486.553880645162,160.66702584677418
2021-02,8316.608291785715,10151.87,9790.091714285714,17519.767014285717,242.3118260655738
2021-03,8242.401987150537,10130.765,9752.437483870968,17531.392590322583,136.6784814112903
2021-04,8201.565204166667,10190.149,9644.194533333333,17544.899966666664,141.49377545833335
2021-05,7959.822889435483,10057.811,9393.71,17561.652590322585,88.57312306451614
2021-06,8215.804847902778,10250.092,9690.086066666667,17558.317966666666,79.93420745833333
2021-07,8436.331558548387,10510.291,9951.054516129032,17519.191300000002,81.4507539516129
2021-08,8439.603697755376,10358.767,9909.233677419355,17528.988074193552,85.2952510483871
2021-09,8871.637820916667,10710.389,10183.5743,17559.4713,97.32731583333334
2021-10,8781.050756680108,10814.564,10127.211903225805,17623.8913,91.47057005376345
2021-11,8619.904624069444,10740.31,10241.5298,17670.04974,88.55339648611111
2021-12,8517.967186357526,10609.755,10043.533677419355,17762.356893548385,308.7621203763441
2022-01,8335.447200295699,10614.776,9959.219548387096,17762.55139677419,264.16016852150534
2022-02,8639.021905803571,10574.68,10154.095214285715,17763.349292857143,371.9334927827381
2022-03,8648.181329879033,10760.035,10197.731,17770.460422580643,211.9591256451613
2022-04,8562.492731722223,10611.655,10062.852033333333,17775.073583333335,119.11041958333333
2022-05,8691.531365927418,10864.59,10190.39835483871,17781.491204838712,97.16464487903225
2022-06,8473.745845944444,10501.65,9947.162233333333,17812.703683333333,92.10298097222221
2022-07,8680.352920040323,10721.811,10202.524967741934,17814.38526935484,95.81071724462366
2022-08,8749.506181344086,10893.881,10288.302064516129,17824.072366129032,134.88808806451613
2022-09,8796.740471263889,10777.595,10303.540533333333,18007.1195,205.49712027777778
2022-10,8766.860085712366,10804.606,10193.64935483871,18145.735872580648,246.91630670698925
2022-11,8773.832575388888,10768.157,10195.080833333333,18148.127773333334,159.7545755
2022-12,8750.773488736559,10617.508,10024.79670967742,18746.383830322582,314.6610988037634
2023-01,8834.005429153227,10732.334,10088.204225806452,18792.249388387096,346.80769956989246
2023-02,9065.386070848213,10728.075,10320.345964285714,18833.72454928572,491.49736349702385
2023-03,8811.012019166667,10721.7,10294.417096774194,18893.79752096774,269.21765111559137
2023-04,8688.898604194446,10817.907,10201.136133333333,18966.181336666665,203.6027129583333
2023-05,9050.464693521506,11244.099,10538.547838709677,18995.24337,530.9268537500001
2023-06,8984.31917423611,11075.204,10437.459966666667,19019.05185,416.4096334583333
2023-07,8983.906435201614,11067.05,10462.144709677419,18672.484101612903,429.43010219086017
2023-08,9296.044948830646,11475.237,10744.528741935485,19044.25458548387,445.73678387096777
2023-09,9764.393216847222,11456.124,10952.877166666665,19094.464116666666,997.0759891944444
2023-10,9378.670349086022,11026.381,10419.359580645161,19196.183149999997,954.7710613844085
2023-11,9383.360658374999,11417.486,10762.201066666667,19949.657283333334,345.57519004166664
2023-12,9263.302746908601,11384.004,10581.997096774194,19922.10331129032,603.1000920026881
2024-01,9202.5035977957,11385.113,10752.931161290324,19942.429375806452,529.413714045699
2024-02,9307.901932097702,11291.279,10777.875931034483,19936.946101724137,524.7021871551724
2024-03,9500.107290833334,11704.365,10895.772774193547,20075.43224677419,532.2770459274193
2024-04,9372.401306125,11535.297,10836.755766666667,20207.245806,538.2964595277778
2024-05,9243.697636357527,11119.456,10665.85006451613,20262.549663548383,220.60173288978496
2024-06,8993.269002652778,10869.56,10406.801033333333,20443.158355333333,218.19484549999999
2024-07,9271.304488413978,11284.503,10710.226129032259,20796.21113129032,222.0905348387097
2024-08,9602.46960922043,11469.824,10762.131741935484,20766.530229032258,469.37649372311824
2024-09,9708.054404236113,11632.558,10936.8531,20787.461078,823.0384208472223
2024-10,9313.723372379032,11532.891,10862.712709677418,20867.583025806452,1121.800662419355
2024-11,9239.661766833333,11265.423,10662.740533333334,20930.239533333333,770.9578605277777
2024-12,9507.554337204301,11471.38,10692.050451612902,21395.470463548387,667.6909734811828
2025-01,9379.802934637095,11502.194,10779.820774193548,21443.18084870968,471.39382625
2025-02,9447.53538686012,11354.277,10978.249964285715,21462.483937857145,356.2910167857143
2025-03,9320.050970295699,11722.052,10992.145322580645,20909.281494193547,164.34827231182797
2025-04,9260.07031086111,11367.82,10866.096366666667,20871.148493333334,106.67041388888889
2025-05,9406.281331774193,11639.652,10984.841032258066,20864.42997806452,103.89416129032259
2025-06,9333.44994088889,11603.597,10915.7935,20780.07854833333,98.24658194444444
2025-07,9660.175415793012,11760.39,11306.653032258066,20760.827106129032,102.02989919354837
2025-08,9572.268040994624,11955.584,11216.209354838711,20767.795044838706,182.40296908602153
2025-09,9766.679704694445,12014.318,11420.652766666668,20776.824044666664,196.9409027777778
2025-10,9572.557219556453,11966.838,11227.790677419354,20853.587069032255,122.79568010752689
2025-11,9639.350618013888,12056.756,11429.091033333334,21024.867193333328,163.48430833333333
2025-12,9739.268542231184,12033.941,11228.022451612902,21061.003244193547,239.20382795698922
2026-01,9598.143838749998,11937.331,11275.026903225806,21109.347673225802,186.456686827957
2026-02,9620.704368928573,11932.257,11266.852964285714,21164.53250142857,98.78629315476189
2026-03,9881.049642580645,12236.841,11601.406129032259,21359.158173870965,201.07741935483872
2026-04,9871.477737291667,12216.543,11644.973333333333,21411.233088666664,213.15134583333335
2026-05,10159.039482688171,12474.862,11831.468580645162,21439.704050322573,428.90659139784947
2026-06,9988.887512930556,12367.035,11733.8955,21446.442359999997,415.0547763888889
2026-07,10189.54974331989,12529.391,11845.79142105263,21769.31814064516,688.8340833333334
2026-08,9526.124817166667,,,21858.25102923077,862.9395162790698
